id,name,description,equation,category,icon,variables_json,num_variables
"projectile-motion","Projectile Motion (Full)","Complete projectile solver. Given any 3 of 5 variables, derives the other 2.","R = v²sin(2θ)/g,  H = v²sin²(θ)/(2g),  T = 2v·sin(θ)/g","Mechanics","Cog","[{""id"":""R"",""label"":""Range (R)"",""unit"":""m""},{""id"":""H"",""label"":""Max Height (H)"",""unit"":""m""},{""id"":""T"",""label"":""Flight Time (T)"",""unit"":""s""},{""id"":""v"",""label"":""Initial Velocity (v₀)"",""unit"":""m/s""},{""id"":""theta"",""label"":""Launch Angle (θ)"",""unit"":""°""}]",5
"relativistic-energy","Relativistic Energy-Momentum","E²=(pc)²+(m₀c²)². Given any 2 of E,p,m₀,v — derives the rest plus γ and β.","E² = (pc)² + (m₀c²)²","Mechanics","Cog","[{""id"":""E"",""label"":""Total Energy (E)"",""unit"":""J""},{""id"":""p"",""label"":""Momentum (p)"",""unit"":""kg·m/s""},{""id"":""m0"",""label"":""Rest Mass (m₀)"",""unit"":""kg""},{""id"":""v"",""label"":""Velocity (v)"",""unit"":""m/s""}]",4
"elastic-collision","1D Elastic Collision","Full elastic collision with conservation verification.","v₁f = [(m₁−m₂)v₁ᵢ + 2m₂v₂ᵢ] / (m₁+m₂)","Mechanics","Cog","[{""id"":""m1"",""label"":""Mass 1 (m₁)"",""unit"":""kg""},{""id"":""m2"",""label"":""Mass 2 (m₂)"",""unit"":""kg""},{""id"":""v1i"",""label"":""Initial Vel 1 (v₁ᵢ)"",""unit"":""m/s""},{""id"":""v2i"",""label"":""Initial Vel 2 (v₂ᵢ)"",""unit"":""m/s""}]",4
"shm","Simple Harmonic Motion","Full SHM: ω=√(k/m), T=2π/ω. Given any 2, derives all plus max v, a, KE.","ω = √(k/m),  T = 2π/ω,  x(t) = A·cos(ωt+φ)","Mechanics","Cog","[{""id"":""A"",""label"":""Amplitude (A)"",""unit"":""m""},{""id"":""omega"",""label"":""Angular Freq (ω)"",""unit"":""rad/s""},{""id"":""T"",""label"":""Period (T)"",""unit"":""s""},{""id"":""f"",""label"":""Frequency (f)"",""unit"":""Hz""},{""id"":""k"",""label"":""Spring Const (k)"",""unit"":""N/m""},{""id"":""m"",""label"":""Mass (m)"",""unit"":""kg""}]",6
"newtons-second-law","Newton's Second Law","F=ma. Solves for Force, Mass, or Acceleration.","F = m × a","Mechanics","Cog","[{""id"":""F"",""label"":""Force (F)"",""unit"":""N""},{""id"":""m"",""label"":""Mass (m)"",""unit"":""kg""},{""id"":""a"",""label"":""Acceleration (a)"",""unit"":""m/s²""}]",3
"work-energy","Work-Energy Theorem","W=ΔKE=½mv₂²−½mv₁². Solves for Work, Mass, or either velocity.","W = ½mv₂² − ½mv₁²","Mechanics","Cog","[{""id"":""W"",""label"":""Net Work (W)"",""unit"":""J""},{""id"":""m"",""label"":""Mass (m)"",""unit"":""kg""},{""id"":""v1"",""label"":""Initial Vel (v₁)"",""unit"":""m/s""},{""id"":""v2"",""label"":""Final Vel (v₂)"",""unit"":""m/s""}]",4
"gravitation","Universal Gravitation","F=Gm₁m₂/r². Solves for Force, either Mass, or Distance.","F = G × m₁ × m₂ / r²","Mechanics","Cog","[{""id"":""F"",""label"":""Force (F)"",""unit"":""N""},{""id"":""m1"",""label"":""Mass 1 (m₁)"",""unit"":""kg""},{""id"":""m2"",""label"":""Mass 2 (m₂)"",""unit"":""kg""},{""id"":""r"",""label"":""Distance (r)"",""unit"":""m""}]",4
"rc-circuit","RC Circuit (Charging)","V(t)=V₀(1−e^(−t/RC)). Solves for voltage, R, C, time, or time constant.","V(t) = V₀(1 − e^(−t/RC)),  τ = RC","Electricity & Magnetism","Zap","[{""id"":""Vt"",""label"":""Voltage at t (V(t))"",""unit"":""V""},{""id"":""V0"",""label"":""Source Voltage (V₀)"",""unit"":""V""},{""id"":""R"",""label"":""Resistance (R)"",""unit"":""Ω""},{""id"":""C"",""label"":""Capacitance (C)"",""unit"":""F""},{""id"":""t"",""label"":""Time (t)"",""unit"":""s""}]",5
"rlc-impedance","RLC Series Impedance","Z=√(R²+(XL−XC)²). Computes impedance, resonance, phase, Q-factor.","Z = √(R² + (ωL − 1/(ωC))²),  f₀ = 1/(2π√(LC))","Electricity & Magnetism","Zap","[{""id"":""R"",""label"":""Resistance (R)"",""unit"":""Ω""},{""id"":""L"",""label"":""Inductance (L)"",""unit"":""H""},{""id"":""C"",""label"":""Capacitance (C)"",""unit"":""F""},{""id"":""f"",""label"":""Frequency (f)"",""unit"":""Hz""},{""id"":""Z"",""label"":""Impedance (Z)"",""unit"":""Ω""}]",5
"ohms-law","Ohm's Law","V=IR. Solves for Voltage, Current, or Resistance.","V = I × R","Electricity & Magnetism","Zap","[{""id"":""V"",""label"":""Voltage (V)"",""unit"":""V""},{""id"":""I"",""label"":""Current (I)"",""unit"":""A""},{""id"":""R"",""label"":""Resistance (R)"",""unit"":""Ω""}]",3
"coulombs-law","Coulomb's Law","F=kq₁q₂/r². Solves for Force, Charge, or Distance.","F = k × q₁ × q₂ / r²","Electricity & Magnetism","Zap","[{""id"":""F"",""label"":""Force (F)"",""unit"":""N""},{""id"":""q1"",""label"":""Charge 1 (q₁)"",""unit"":""C""},{""id"":""q2"",""label"":""Charge 2 (q₂)"",""unit"":""C""},{""id"":""r"",""label"":""Distance (r)"",""unit"":""m""}]",4
"capacitor-energy","Capacitor Energy & Storage","E=½CV²=½QV=Q²/(2C). Solves for Energy, Capacitance, Voltage, or Charge.","E = ½CV² = ½QV = Q²/(2C)","Electricity & Magnetism","Zap","[{""id"":""E"",""label"":""Energy (E)"",""unit"":""J""},{""id"":""C"",""label"":""Capacitance (C)"",""unit"":""F""},{""id"":""V"",""label"":""Voltage (V)"",""unit"":""V""},{""id"":""Q"",""label"":""Charge (Q)"",""unit"":""C""}]",4
"biot-savart","Magnetic Field (Long Wire)","B=μ₀I/(2πr). Solves for B-field, Current, or Distance.","B = μ₀I / (2πr)","Electricity & Magnetism","Zap","[{""id"":""B"",""label"":""Magnetic Field (B)"",""unit"":""T""},{""id"":""I"",""label"":""Current (I)"",""unit"":""A""},{""id"":""r"",""label"":""Distance (r)"",""unit"":""m""}]",3
"ideal-gas","Ideal Gas Law","PV=nRT. Solves for Pressure, Volume, Moles, or Temperature with unit conversions.","P × V = n × R × T","Thermodynamics","Thermometer","[{""id"":""P"",""label"":""Pressure (P)"",""unit"":""Pa""},{""id"":""V"",""label"":""Volume (V)"",""unit"":""m³""},{""id"":""n"",""label"":""Moles (n)"",""unit"":""mol""},{""id"":""T"",""label"":""Temperature (T)"",""unit"":""K""}]",4
"heat-transfer","Heat Transfer (Specific Heat)","Q=mcΔT. Solves for Heat, Mass, Specific Heat, or ΔT.","Q = m × c × ΔT","Thermodynamics","Thermometer","[{""id"":""Q"",""label"":""Heat (Q)"",""unit"":""J""},{""id"":""m"",""label"":""Mass (m)"",""unit"":""kg""},{""id"":""c"",""label"":""Specific Heat (c)"",""unit"":""J/(kg·K)""},{""id"":""dT"",""label"":""Temp Change (ΔT)"",""unit"":""K""}]",4
"carnot","Carnot Efficiency","η=1−Tc/Th. Solves for Efficiency, Hot or Cold reservoir temperature.","η = 1 − T_cold / T_hot","Thermodynamics","Thermometer","[{""id"":""eta"",""label"":""Efficiency (η)"",""unit"":""""},{""id"":""Tc"",""label"":""Cold Temp (Tc)"",""unit"":""K""},{""id"":""Th"",""label"":""Hot Temp (Th)"",""unit"":""K""}]",3
"stefan-boltzmann","Stefan-Boltzmann Radiation","P=εσAT⁴. Solves for radiated power, emissivity, area, or temperature.","P = ε × σ × A × T⁴","Thermodynamics","Thermometer","[{""id"":""P"",""label"":""Power (P)"",""unit"":""W""},{""id"":""e"",""label"":""Emissivity (ε)"",""unit"":""""},{""id"":""A"",""label"":""Area (A)"",""unit"":""m²""},{""id"":""T"",""label"":""Temperature (T)"",""unit"":""K""}]",4
"wave-speed","Wave Equation","v=fλ. Solves for wave speed, frequency, or wavelength.","v = f × λ","Waves & Optics","Waves","[{""id"":""v"",""label"":""Wave Speed (v)"",""unit"":""m/s""},{""id"":""f"",""label"":""Frequency (f)"",""unit"":""Hz""},{""id"":""lambda"",""label"":""Wavelength (λ)"",""unit"":""m""}]",3
"doppler-effect","Doppler Effect","f'=f(v+v₀)/(v−vₛ). Full Doppler solver for moving source and observer.","f' = f × (v + v_observer) / (v − v_source)","Waves & Optics","Waves","[{""id"":""fp"",""label"":""Observed Freq (f')"",""unit"":""Hz""},{""id"":""f"",""label"":""Source Freq (f)"",""unit"":""Hz""},{""id"":""vw"",""label"":""Wave Speed (v)"",""unit"":""m/s""},{""id"":""vo"",""label"":""Observer Speed (v₀)"",""unit"":""m/s""},{""id"":""vs"",""label"":""Source Speed (vₛ)"",""unit"":""m/s""}]",5
"lens-equation","Thin Lens Equation","1/f=1/dₒ+1/dᵢ. Solves for focal length, object distance, or image distance with magnification.","1/f = 1/dₒ + 1/dᵢ","Waves & Optics","Waves","[{""id"":""f"",""label"":""Focal Length (f)"",""unit"":""m""},{""id"":""do"",""label"":""Object Distance (dₒ)"",""unit"":""m""},{""id"":""di"",""label"":""Image Distance (dᵢ)"",""unit"":""m""}]",3
"snells-law","Snell's Law (Refraction)","n₁sinθ₁=n₂sinθ₂. Solves for refractive indices or angles. Detects total internal reflection.","n₁ × sin(θ₁) = n₂ × sin(θ₂)","Waves & Optics","Waves","[{""id"":""n1"",""label"":""Index 1 (n₁)"",""unit"":""""},{""id"":""theta1"",""label"":""Angle 1 (θ₁)"",""unit"":""°""},{""id"":""n2"",""label"":""Index 2 (n₂)"",""unit"":""""},{""id"":""theta2"",""label"":""Angle 2 (θ₂)"",""unit"":""°""}]",4
"photoelectric","Photoelectric Effect","KE=hf−φ. Solves for KE, frequency, work function, or wavelength. Detects if emission occurs.","KE = hf − φ = hc/λ − φ","Waves & Optics","Waves","[{""id"":""KE"",""label"":""Kinetic Energy (KE)"",""unit"":""eV""},{""id"":""f"",""label"":""Frequency (f)"",""unit"":""Hz""},{""id"":""phi"",""label"":""Work Function (φ)"",""unit"":""eV""},{""id"":""lambda"",""label"":""Wavelength (λ)"",""unit"":""nm""}]",4
"de-broglie","de Broglie Wavelength","λ=h/p=h/(mv). Solves for wavelength, momentum, mass, or velocity.","λ = h / (m × v)","Modern Physics","Atom","[{""id"":""lambda"",""label"":""Wavelength (λ)"",""unit"":""m""},{""id"":""m"",""label"":""Mass (m)"",""unit"":""kg""},{""id"":""v"",""label"":""Velocity (v)"",""unit"":""m/s""}]",3
"compton","Compton Scattering","Δλ=(h/mc)(1−cosθ). Solves for wavelength shift, scattering angle, or incident/scattered wavelength.","Δλ = (h/mₑc)(1 − cosθ)","Modern Physics","Atom","[{""id"":""dL"",""label"":""Wavelength Shift (Δλ)"",""unit"":""pm""},{""id"":""theta"",""label"":""Scatter Angle (θ)"",""unit"":""°""}]",2
"einstein-mass-energy","Mass-Energy Equivalence","E=mc². Solves for Energy or Mass.","E = m × c²","Modern Physics","Atom","[{""id"":""E"",""label"":""Energy (E)"",""unit"":""J""},{""id"":""m"",""label"":""Mass (m)"",""unit"":""kg""}]",2
"radioactive-decay","Radioactive Decay","N=N₀e^(−λt). Solves for remaining nuclei, half-life, time, or decay constant.","N = N₀ × e^(−λt),  t½ = ln2/λ","Modern Physics","Atom","[{""id"":""N"",""label"":""Remaining (N)"",""unit"":""""},{""id"":""N0"",""label"":""Initial (N₀)"",""unit"":""""},{""id"":""halfLife"",""label"":""Half-life (t½)"",""unit"":""s""},{""id"":""t"",""label"":""Time (t)"",""unit"":""s""}]",4
"heisenberg","Heisenberg Uncertainty","ΔxΔp ≥ ℏ/2. Given one uncertainty, computes the minimum of the other.","Δx × Δp ≥ ℏ/2","Modern Physics","Atom","[{""id"":""dx"",""label"":""Position Uncertainty (Δx)"",""unit"":""m""},{""id"":""dp"",""label"":""Momentum Uncertainty (Δp)"",""unit"":""kg·m/s""}]",2
"quadratic","Quadratic Formula","ax²+bx+c=0. Finds roots including complex roots with full discriminant analysis.","x = [−b ± √(b²−4ac)] / 2a","Mathematics","Calculator","[{""id"":""a"",""label"":""Coefficient a"",""unit"":""""},{""id"":""b"",""label"":""Coefficient b"",""unit"":""""},{""id"":""c"",""label"":""Constant c"",""unit"":""""}]",3
"pythagorean","Pythagorean Theorem","a²+b²=c². Solves for any side of a right triangle.","a² + b² = c²","Mathematics","Calculator","[{""id"":""a"",""label"":""Side a"",""unit"":""""},{""id"":""b"",""label"":""Side b"",""unit"":""""},{""id"":""c"",""label"":""Hypotenuse c"",""unit"":""""}]",3
"distance-2d","2D Distance Formula","d=√((x₂−x₁)²+(y₂−y₁)²). Solves for distance or any coordinate.","d = √((x₂−x₁)² + (y₂−y₁)²)","Mathematics","Calculator","[{""id"":""d"",""label"":""Distance (d)"",""unit"":""""},{""id"":""x1"",""label"":""x₁"",""unit"":""""},{""id"":""y1"",""label"":""y₁"",""unit"":""""},{""id"":""x2"",""label"":""x₂"",""unit"":""""},{""id"":""y2"",""label"":""y₂"",""unit"":""""}]",5
"law-of-cosines","Law of Cosines","c²=a²+b²−2ab·cosC. Solves for any side or angle in any triangle.","c² = a² + b² − 2ab·cos(C)","Mathematics","Calculator","[{""id"":""a"",""label"":""Side a"",""unit"":""""},{""id"":""b"",""label"":""Side b"",""unit"":""""},{""id"":""c"",""label"":""Side c"",""unit"":""""},{""id"":""C"",""label"":""Angle C"",""unit"":""°""}]",4
"compound-interest","Compound Interest","A=P(1+r/n)^(nt). Solves for Amount, Principal, Rate, Time, or Compounds.","A = P(1 + r/n)^(nt)","Mathematics","Calculator","[{""id"":""A"",""label"":""Final Amount (A)"",""unit"":""$""},{""id"":""P"",""label"":""Principal (P)"",""unit"":""$""},{""id"":""r"",""label"":""Annual Rate (r)"",""unit"":""%""},{""id"":""n"",""label"":""Compounds/Year (n)"",""unit"":""""},{""id"":""t"",""label"":""Time (t)"",""unit"":""years""}]",5
"logarithmic","Logarithmic Equation","y=log_b(x). Solves for any variable. Handles natural and base-10 logs.","y = log_b(x)","Mathematics","Calculator","[{""id"":""y"",""label"":""Exponent (y)"",""unit"":""""},{""id"":""b"",""label"":""Base (b)"",""unit"":""""},{""id"":""x"",""label"":""Argument (x)"",""unit"":""""}]",3
"bernoulli","Bernoulli's Equation","P₁+½ρv₁²+ρgh₁ = P₂+½ρv₂²+ρgh₂. Solves for pressure, velocity, or height in fluid flow.","P + ½ρv² + ρgh = constant","Fluid Mechanics","Waves","[{""id"":""P1"",""label"":""Pressure 1 (P₁)"",""unit"":""Pa""},{""id"":""v1"",""label"":""Velocity 1 (v₁)"",""unit"":""m/s""},{""id"":""h1"",""label"":""Height 1 (h₁)"",""unit"":""m""},{""id"":""P2"",""label"":""Pressure 2 (P₂)"",""unit"":""Pa""},{""id"":""v2"",""label"":""Velocity 2 (v₂)"",""unit"":""m/s""},{""id"":""h2"",""label"":""Height 2 (h₂)"",""unit"":""m""}]",6
"archimedes","Buoyancy (Archimedes)","F_b = ρ_fluid × V_displaced × g. Solves for buoyant force, fluid density, or volume.","F_b = ρ × V × g","Fluid Mechanics","Waves","[{""id"":""Fb"",""label"":""Buoyant Force (F_b)"",""unit"":""N""},{""id"":""rho"",""label"":""Fluid Density (ρ)"",""unit"":""kg/m³""},{""id"":""V"",""label"":""Volume Displaced (V)"",""unit"":""m³""}]",3
"continuity","Continuity Equation","A₁v₁ = A₂v₂. Solves for cross-section area or velocity in pipe flow.","A₁ × v₁ = A₂ × v₂","Fluid Mechanics","Waves","[{""id"":""A1"",""label"":""Area 1 (A₁)"",""unit"":""m²""},{""id"":""v1"",""label"":""Velocity 1 (v₁)"",""unit"":""m/s""},{""id"":""A2"",""label"":""Area 2 (A₂)"",""unit"":""m²""},{""id"":""v2"",""label"":""Velocity 2 (v₂)"",""unit"":""m/s""}]",4
"poiseuille","Poiseuille's Law","Q = πr⁴ΔP/(8ηL). Solves for flow rate, radius, pressure, viscosity, or length.","Q = πr⁴ΔP / (8ηL)","Fluid Mechanics","Waves","[{""id"":""Q"",""label"":""Flow Rate (Q)"",""unit"":""m³/s""},{""id"":""r"",""label"":""Radius (r)"",""unit"":""m""},{""id"":""dP"",""label"":""Pressure Diff (ΔP)"",""unit"":""Pa""},{""id"":""eta"",""label"":""Viscosity (η)"",""unit"":""Pa·s""},{""id"":""L"",""label"":""Length (L)"",""unit"":""m""}]",5
"ph-calc","pH / pOH Calculator","pH=−log[H⁺], pOH=−log[OH⁻], pH+pOH=14. Solves for pH, pOH, [H⁺], or [OH⁻].","pH = −log₁₀[H⁺],  pH + pOH = 14","Chemistry","Atom","[{""id"":""pH"",""label"":""pH"",""unit"":""""},{""id"":""pOH"",""label"":""pOH"",""unit"":""""},{""id"":""H"",""label"":""[H⁺] (mol/L)"",""unit"":""M""},{""id"":""OH"",""label"":""[OH⁻] (mol/L)"",""unit"":""M""}]",4
"dilution","Dilution Equation (M₁V₁=M₂V₂)","M₁V₁=M₂V₂. Solves for any concentration or volume in dilution problems.","M₁ × V₁ = M₂ × V₂","Chemistry","Atom","[{""id"":""M1"",""label"":""Initial Conc (M₁)"",""unit"":""M""},{""id"":""V1"",""label"":""Initial Vol (V₁)"",""unit"":""L""},{""id"":""M2"",""label"":""Final Conc (M₂)"",""unit"":""M""},{""id"":""V2"",""label"":""Final Vol (V₂)"",""unit"":""L""}]",4
"beer-lambert","Beer-Lambert Law","A=εlc. Solves for absorbance, molar absorptivity, path length, or concentration.","A = ε × l × c","Chemistry","Atom","[{""id"":""A"",""label"":""Absorbance (A)"",""unit"":""""},{""id"":""epsilon"",""label"":""Molar Absorptivity (ε)"",""unit"":""L/(mol·cm)""},{""id"":""l"",""label"":""Path Length (l)"",""unit"":""cm""},{""id"":""c"",""label"":""Concentration (c)"",""unit"":""mol/L""}]",4
"nernst","Nernst Equation","E=E°−(RT/nF)ln(Q). Solves for cell potential, standard potential, temperature, or reaction quotient.","E = E° − (RT/nF) × ln(Q)","Chemistry","Atom","[{""id"":""E"",""label"":""Cell Potential (E)"",""unit"":""V""},{""id"":""E0"",""label"":""Standard Potential (E°)"",""unit"":""V""},{""id"":""n"",""label"":""Electrons Transferred (n)"",""unit"":""""},{""id"":""Q"",""label"":""Reaction Quotient (Q)"",""unit"":""""},{""id"":""T"",""label"":""Temperature (T)"",""unit"":""K""}]",5
"ideal-gas-molar","Molar Mass from Gas Law","M = mRT/(PV). Solves for molar mass, mass, pressure, volume, or temperature.","M = mRT / (PV)","Chemistry","Atom","[{""id"":""M"",""label"":""Molar Mass (M)"",""unit"":""g/mol""},{""id"":""m"",""label"":""Mass (m)"",""unit"":""g""},{""id"":""P"",""label"":""Pressure (P)"",""unit"":""atm""},{""id"":""V"",""label"":""Volume (V)"",""unit"":""L""},{""id"":""T"",""label"":""Temperature (T)"",""unit"":""K""}]",5
"circle","Circle Area & Circumference","A=πr², C=2πr. Solves for Area, Circumference, Radius, or Diameter.","A = πr²,  C = 2πr","Geometry","Calculator","[{""id"":""A"",""label"":""Area (A)"",""unit"":""m²""},{""id"":""C"",""label"":""Circumference (C)"",""unit"":""m""},{""id"":""r"",""label"":""Radius (r)"",""unit"":""m""}]",3
"sphere","Sphere Volume & Surface","V=4/3πr³, A=4πr². Solves for Volume, Surface Area, or Radius.","V = (4/3)πr³,  A = 4πr²","Geometry","Calculator","[{""id"":""V"",""label"":""Volume (V)"",""unit"":""m³""},{""id"":""SA"",""label"":""Surface Area (A)"",""unit"":""m²""},{""id"":""r"",""label"":""Radius (r)"",""unit"":""m""}]",3
"cylinder","Cylinder Volume & Surface","V=πr²h. Solves for Volume, Radius, or Height of a cylinder.","V = πr²h","Geometry","Calculator","[{""id"":""V"",""label"":""Volume (V)"",""unit"":""m³""},{""id"":""r"",""label"":""Radius (r)"",""unit"":""m""},{""id"":""h"",""label"":""Height (h)"",""unit"":""m""}]",3
"triangle-area","Triangle Area (Heron's)","A=√(s(s−a)(s−b)(s−c)) where s=(a+b+c)/2. Solves for area from 3 sides.","A = √(s(s−a)(s−b)(s−c)),  s = (a+b+c)/2","Geometry","Calculator","[{""id"":""a"",""label"":""Side a"",""unit"":""""},{""id"":""b"",""label"":""Side b"",""unit"":""""},{""id"":""c"",""label"":""Side c"",""unit"":""""}]",3
"trig-ratios","Trigonometric Ratios","sin, cos, tan from angle. Also finds angle from ratio. Full SOH-CAH-TOA solver.","sin(θ)=opp/hyp, cos(θ)=adj/hyp, tan(θ)=opp/adj","Geometry","Calculator","[{""id"":""theta"",""label"":""Angle (θ)"",""unit"":""°""},{""id"":""opp"",""label"":""Opposite"",""unit"":""""},{""id"":""adj"",""label"":""Adjacent"",""unit"":""""},{""id"":""hyp"",""label"":""Hypotenuse"",""unit"":""""}]",4
"voltage-divider","Voltage Divider","V_out = V_in × R₂/(R₁+R₂). Solves for output voltage, input, or either resistor.","V_out = V_in × R₂ / (R₁ + R₂)","Electronics","Zap","[{""id"":""Vin"",""label"":""Input Voltage (V_in)"",""unit"":""V""},{""id"":""R1"",""label"":""Resistor R₁"",""unit"":""Ω""},{""id"":""R2"",""label"":""Resistor R₂"",""unit"":""Ω""},{""id"":""Vout"",""label"":""Output Voltage (V_out)"",""unit"":""V""}]",4
"parallel-resistance","Parallel Resistance","1/R_total = 1/R₁ + 1/R₂ + 1/R₃. Solves for total or any individual resistance.","1/R_t = 1/R₁ + 1/R₂ + 1/R₃","Electronics","Zap","[{""id"":""Rt"",""label"":""Total Resistance (R_t)"",""unit"":""Ω""},{""id"":""R1"",""label"":""Resistor 1 (R₁)"",""unit"":""Ω""},{""id"":""R2"",""label"":""Resistor 2 (R₂)"",""unit"":""Ω""},{""id"":""R3"",""label"":""Resistor 3 (R₃)"",""unit"":""Ω""}]",4
"rl-discharge","RL Circuit (Inductor)","I(t)=I₀e^(−Rt/L), τ=L/R. Solves for current, time constant, or time.","I(t) = I₀ × e^(−Rt/L),  τ = L/R","Electronics","Zap","[{""id"":""It"",""label"":""Current at t (I(t))"",""unit"":""A""},{""id"":""I0"",""label"":""Initial Current (I₀)"",""unit"":""A""},{""id"":""R"",""label"":""Resistance (R)"",""unit"":""Ω""},{""id"":""L"",""label"":""Inductance (L)"",""unit"":""H""},{""id"":""t"",""label"":""Time (t)"",""unit"":""s""}]",5
"transformer","Transformer Equation","V_s/V_p = N_s/N_p. Solves for voltages or turns ratio in transformers.","V_s / V_p = N_s / N_p","Electronics","Zap","[{""id"":""Vs"",""label"":""Secondary Voltage (V_s)"",""unit"":""V""},{""id"":""Vp"",""label"":""Primary Voltage (V_p)"",""unit"":""V""},{""id"":""Ns"",""label"":""Secondary Turns (N_s)"",""unit"":""""},{""id"":""Np"",""label"":""Primary Turns (N_p)"",""unit"":""""}]",4
"mean-std","Mean & Standard Deviation","Computes mean, sample and population standard deviation from a list of numbers.","μ = Σx/n,  σ = √(Σ(x−μ)²/n)","Statistics","Calculator","[{""id"":""data"",""label"":""Data (comma-separated)"",""unit"":""""}]",1
"linear-regression","Linear Regression (y=mx+b)","Fits y=mx+b to data points. Computes slope, intercept, and R² correlation.","y = mx + b,  m = (nΣxy−ΣxΣy)/(nΣx²−(Σx)²)","Statistics","Calculator","[{""id"":""xdata"",""label"":""X values (comma-sep)"",""unit"":""""},{""id"":""ydata"",""label"":""Y values (comma-sep)"",""unit"":""""}]",2
"permutation-combination","Permutations & Combinations","nPr = n!/(n−r)!, nCr = n!/(r!(n−r)!). Solves for P, C, n, or r.","nPr = n!/(n−r)!,  nCr = n!/(r!(n−r)!)","Statistics","Calculator","[{""id"":""n"",""label"":""Total items (n)"",""unit"":""""},{""id"":""r"",""label"":""Choosing (r)"",""unit"":""""}]",2
"centripetal-force","Centripetal Force","F=mv²/r. Solves for force, mass, velocity, or radius. Also computes period and frequency.","F = mv²/r = mω²r","Advanced Mechanics","Cog","[{""id"":""F"",""label"":""Centripetal Force"",""unit"":""N""},{""id"":""m"",""label"":""Mass"",""unit"":""kg""},{""id"":""v"",""label"":""Tangential Velocity"",""unit"":""m/s""},{""id"":""r"",""label"":""Radius"",""unit"":""m""}]",4
"torque","Torque","τ=rFsinθ. Solves for torque, lever arm, force, or angle. Computes power at given RPM.","τ = rF sin(θ)","Advanced Mechanics","Cog","[{""id"":""tau"",""label"":""Torque"",""unit"":""N·m""},{""id"":""r"",""label"":""Lever Arm"",""unit"":""m""},{""id"":""F"",""label"":""Force"",""unit"":""N""},{""id"":""theta"",""label"":""Angle between r and F"",""unit"":""°""}]",4
"angular-momentum","Angular Momentum","L=Iω. Solves for angular momentum, moment of inertia, or angular velocity.","L = Iω = mvr (point mass)","Advanced Mechanics","Cog","[{""id"":""L"",""label"":""Angular Momentum"",""unit"":""kg·m²/s""},{""id"":""I"",""label"":""Moment of Inertia"",""unit"":""kg·m²""},{""id"":""omega"",""label"":""Angular Velocity"",""unit"":""rad/s""}]",3
"rocket-equation","Tsiolkovsky Rocket Equation","Δv=ve·ln(m₀/mf). Solves for delta-v, exhaust velocity, initial mass, or final mass.","Δv = vₑ × ln(m₀/mf)","Advanced Mechanics","Cog","[{""id"":""dv"",""label"":""Delta-v (Δv)"",""unit"":""m/s""},{""id"":""ve"",""label"":""Exhaust Velocity"",""unit"":""m/s""},{""id"":""m0"",""label"":""Initial Mass (m₀)"",""unit"":""kg""},{""id"":""mf"",""label"":""Final Mass (mf)"",""unit"":""kg""}]",4
"pendulum-period","Simple Pendulum","T=2π√(L/g). Solves for period, length, or gravity. Also computes frequency and max speed.","T = 2π√(L/g)","Advanced Mechanics","Cog","[{""id"":""T"",""label"":""Period"",""unit"":""s""},{""id"":""L"",""label"":""Length"",""unit"":""m""},{""id"":""g"",""label"":""Gravity"",""unit"":""m/s²""}]",3
"conical-pendulum","Conical Pendulum","T=2π√(Lcosθ/g). Solves for period, length, angle, or gravity. Computes tension and speed.","T = 2π√(Lcosθ/g)","Advanced Mechanics","Cog","[{""id"":""T"",""label"":""Period"",""unit"":""s""},{""id"":""L"",""label"":""String Length"",""unit"":""m""},{""id"":""theta"",""label"":""Angle from Vertical"",""unit"":""°""},{""id"":""g"",""label"":""Gravity"",""unit"":""m/s²""}]",4
"banked-curve","Banked Curve (No Friction)","v=√(rg·tanθ). Solves for optimal speed, radius, angle, or gravity for a banked turn.","v = √(rg × tan(θ))","Advanced Mechanics","Cog","[{""id"":""v"",""label"":""Optimal Speed"",""unit"":""m/s""},{""id"":""r"",""label"":""Curve Radius"",""unit"":""m""},{""id"":""theta"",""label"":""Bank Angle"",""unit"":""°""},{""id"":""g"",""label"":""Gravity"",""unit"":""m/s²""}]",4
"moment-of-inertia","Moment of Inertia","I=kmr² for common shapes. Computes I for solid cylinder, sphere, rod, ring, and hollow sphere.","I = kmr² (k depends on shape)","Advanced Mechanics","Cog","[{""id"":""I"",""label"":""Moment of Inertia"",""unit"":""kg·m²""},{""id"":""m"",""label"":""Mass"",""unit"":""kg""},{""id"":""r"",""label"":""Radius / Length"",""unit"":""m""},{""id"":""k"",""label"":""Shape Factor (k)"",""unit"":""""}]",4
"terminal-velocity","Terminal Velocity","vt=√(2mg/(ρACd)). Solves for terminal velocity, mass, drag coefficient, area, or air density.","v_t = √(2mg / (ρAC_d))","Advanced Mechanics","Cog","[{""id"":""vt"",""label"":""Terminal Velocity"",""unit"":""m/s""},{""id"":""m"",""label"":""Mass"",""unit"":""kg""},{""id"":""rho"",""label"":""Fluid Density"",""unit"":""kg/m³""},{""id"":""A"",""label"":""Cross-section Area"",""unit"":""m²""},{""id"":""Cd"",""label"":""Drag Coefficient"",""unit"":""""}]",5
"drag-force","Drag Force","Fd=½ρv²CdA. Solves for drag force, fluid density, velocity, drag coefficient, or area.","F_d = ½ρv²C_dA","Advanced Mechanics","Cog","[{""id"":""Fd"",""label"":""Drag Force"",""unit"":""N""},{""id"":""rho"",""label"":""Fluid Density"",""unit"":""kg/m³""},{""id"":""v"",""label"":""Velocity"",""unit"":""m/s""},{""id"":""Cd"",""label"":""Drag Coefficient"",""unit"":""""},{""id"":""A"",""label"":""Cross-section Area"",""unit"":""m²""}]",5
"magnetic-force-charge","Magnetic Force on Charge","F=qvBsinθ. Solves for force, charge, velocity, field, or angle. Computes cyclotron radius.","F = qvB sin(θ)","Electromagnetic Theory","Zap","[{""id"":""F"",""label"":""Force"",""unit"":""N""},{""id"":""q"",""label"":""Charge"",""unit"":""C""},{""id"":""v"",""label"":""Velocity"",""unit"":""m/s""},{""id"":""B"",""label"":""Magnetic Field"",""unit"":""T""},{""id"":""theta"",""label"":""Angle (v to B)"",""unit"":""°""}]",5
"amperes-law","Ampere's Law (Solenoid)","B=μ₀nI. Solves for magnetic field, turn density, or current inside a solenoid.","B = μ₀nI","Electromagnetic Theory","Zap","[{""id"":""B"",""label"":""Magnetic Field"",""unit"":""T""},{""id"":""n"",""label"":""Turns per meter (n)"",""unit"":""1/m""},{""id"":""I"",""label"":""Current"",""unit"":""A""}]",3
"faraday-law","Faraday's Law of Induction","EMF=NBAωsin(ωt). Solves for EMF, turns, field, area, angular velocity, or time.","EMF = NBAω sin(ωt)","Electromagnetic Theory","Zap","[{""id"":""emf"",""label"":""Induced EMF"",""unit"":""V""},{""id"":""N"",""label"":""Number of Turns"",""unit"":""""},{""id"":""B"",""label"":""Magnetic Field"",""unit"":""T""},{""id"":""A"",""label"":""Loop Area"",""unit"":""m²""},{""id"":""omega"",""label"":""Angular Velocity"",""unit"":""rad/s""},{""id"":""t"",""label"":""Time"",""unit"":""s""}]",6
"hall-effect","Hall Effect","VH=IB/(nqd). Solves for Hall voltage, current, field, carrier density, or thickness.","V_H = IB / (nqd)","Electromagnetic Theory","Zap","[{""id"":""VH"",""label"":""Hall Voltage"",""unit"":""V""},{""id"":""I"",""label"":""Current"",""unit"":""A""},{""id"":""B"",""label"":""Magnetic Field"",""unit"":""T""},{""id"":""n"",""label"":""Carrier Density (n)"",""unit"":""1/m³""},{""id"":""d"",""label"":""Conductor Thickness"",""unit"":""m""}]",5
"lc-resonance","LC Resonance","f=1/(2π√(LC)). Solves for resonant frequency, inductance, or capacitance.","f = 1 / (2π√(LC))","Electromagnetic Theory","Zap","[{""id"":""f"",""label"":""Resonant Frequency"",""unit"":""Hz""},{""id"":""L"",""label"":""Inductance"",""unit"":""H""},{""id"":""C"",""label"":""Capacitance"",""unit"":""F""}]",3
"magnetic-force-wire","Magnetic Force on Wire","F=BILsinθ. Solves for force, field, current, length, or angle between wire and field.","F = BIL sin(θ)","Electromagnetic Theory","Zap","[{""id"":""F"",""label"":""Force"",""unit"":""N""},{""id"":""B"",""label"":""Magnetic Field"",""unit"":""T""},{""id"":""I"",""label"":""Current"",""unit"":""A""},{""id"":""L"",""label"":""Wire Length"",""unit"":""m""},{""id"":""theta"",""label"":""Angle (wire to B)"",""unit"":""°""}]",5
"wheatstone-bridge","Wheatstone Bridge","Solves balanced/unbalanced Wheatstone bridge. Finds output voltage or unknown resistance.","V_out = V_s(R₂/(R₁+R₂) − R₄/(R₃+R₄))","Electromagnetic Theory","Zap","[{""id"":""Vs"",""label"":""Source Voltage"",""unit"":""V""},{""id"":""R1"",""label"":""R₁"",""unit"":""Ω""},{""id"":""R2"",""label"":""R₂"",""unit"":""Ω""},{""id"":""R3"",""label"":""R₃"",""unit"":""Ω""},{""id"":""R4"",""label"":""R₄"",""unit"":""Ω""}]",5
"kirchhoff-junction","Kirchhoff's Junction Rule","ΣI = 0 at a junction. Given any 2 of 3 currents, finds the third.","I₁ + I₂ + I₃ = 0","Electromagnetic Theory","Zap","[{""id"":""I1"",""label"":""Current 1 (in=+, out=−)"",""unit"":""A""},{""id"":""I2"",""label"":""Current 2 (in=+, out=−)"",""unit"":""A""},{""id"":""I3"",""label"":""Current 3 (in=+, out=−)"",""unit"":""A""}]",3
"inductor-energy","Inductor Energy Storage","E=½LI². Solves for stored energy, inductance, or current.","E = ½LI²","Electromagnetic Theory","Zap","[{""id"":""E"",""label"":""Stored Energy"",""unit"":""J""},{""id"":""L"",""label"":""Inductance"",""unit"":""H""},{""id"":""I"",""label"":""Current"",""unit"":""A""}]",3
"magnetic-flux","Magnetic Flux","Φ=B·A·cosθ. Solves for flux, field, area, or angle. Detects max/min flux conditions.","Φ = BA cos(θ)","Electromagnetic Theory","Zap","[{""id"":""phi"",""label"":""Magnetic Flux"",""unit"":""Wb""},{""id"":""B"",""label"":""Magnetic Field"",""unit"":""T""},{""id"":""A"",""label"":""Area"",""unit"":""m²""},{""id"":""theta"",""label"":""Angle (B to normal)"",""unit"":""°""}]",4
"escape-velocity","Escape Velocity","ve=√(2GM/r). Solves for escape velocity, mass, or radius.","v_e = √(2GM/r)","Orbital & Space Physics","Atom","[{""id"":""ve"",""label"":""Escape Velocity"",""unit"":""m/s""},{""id"":""M"",""label"":""Planet Mass"",""unit"":""kg""},{""id"":""r"",""label"":""Radius (from center)"",""unit"":""m""}]",3
"orbital-period","Orbital Period","T=2π√(r³/(GM)). Solves for period, orbital radius, or central mass.","T = 2π√(r³/(GM))","Orbital & Space Physics","Atom","[{""id"":""T"",""label"":""Orbital Period"",""unit"":""s""},{""id"":""r"",""label"":""Orbital Radius"",""unit"":""m""},{""id"":""M"",""label"":""Central Mass"",""unit"":""kg""}]",3
"schwarzschild-radius","Schwarzschild Radius","rs=2GM/c². Solves for black hole radius or mass.","r_s = 2GM/c²","Orbital & Space Physics","Atom","[{""id"":""rs"",""label"":""Schwarzschild Radius"",""unit"":""m""},{""id"":""M"",""label"":""Black Hole Mass"",""unit"":""kg""}]",2
"hubble-law","Hubble's Law","v=H₀d. Solves for recession velocity, Hubble constant, or distance.","v = H₀ × d","Orbital & Space Physics","Atom","[{""id"":""v"",""label"":""Recession Velocity"",""unit"":""km/s""},{""id"":""H0"",""label"":""Hubble Constant (H₀)"",""unit"":""km/(s·Mpc)""},{""id"":""d"",""label"":""Distance"",""unit"":""Mpc""}]",3
"kepler-third","Kepler's Third Law","T²=(4π²/GM)a³. Solves for period, semi-major axis, or central mass.","T² = (4π²/GM) × a³","Orbital & Space Physics","Atom","[{""id"":""T"",""label"":""Period"",""unit"":""s""},{""id"":""a"",""label"":""Semi-major Axis"",""unit"":""m""},{""id"":""M"",""label"":""Central Mass"",""unit"":""kg""}]",3
"orbital-velocity","Orbital Velocity","v=√(GM/r). Solves for orbital speed, mass, or radius.","v = √(GM/r)","Orbital & Space Physics","Atom","[{""id"":""v"",""label"":""Orbital Velocity"",""unit"":""m/s""},{""id"":""M"",""label"":""Central Mass"",""unit"":""kg""},{""id"":""r"",""label"":""Orbital Radius"",""unit"":""m""}]",3
"gravitational-pe","Gravitational Potential Energy","U=-GMm/r. Solves for PE, either mass, or distance. Computes binding energy.","U = -GMm/r","Orbital & Space Physics","Atom","[{""id"":""U"",""label"":""Gravitational PE"",""unit"":""J""},{""id"":""M"",""label"":""Mass 1 (larger)"",""unit"":""kg""},{""id"":""m"",""label"":""Mass 2 (smaller)"",""unit"":""kg""},{""id"":""r"",""label"":""Distance between centers"",""unit"":""m""}]",4
"vis-viva","Vis-Viva Equation","v²=GM(2/r-1/a). Solves for velocity, mass, distance, or semi-major axis.","v² = GM(2/r - 1/a)","Orbital & Space Physics","Atom","[{""id"":""v"",""label"":""Velocity at distance r"",""unit"":""m/s""},{""id"":""M"",""label"":""Central Mass"",""unit"":""kg""},{""id"":""r"",""label"":""Current Distance"",""unit"":""m""},{""id"":""a"",""label"":""Semi-major Axis"",""unit"":""m""}]",4
"roche-limit","Roche Limit","d=R(2ρM/ρm)^(1/3). Solves for Roche limit, primary radius, or density ratio.","d = R(2ρ_M/ρ_m)^(1/3)","Orbital & Space Physics","Atom","[{""id"":""d"",""label"":""Roche Limit"",""unit"":""m""},{""id"":""R"",""label"":""Primary Body Radius"",""unit"":""m""},{""id"":""rhoM"",""label"":""Primary Density (ρ_M)"",""unit"":""kg/m³""},{""id"":""rhom"",""label"":""Satellite Density (ρ_m)"",""unit"":""kg/m³""}]",4
"tidal-force","Tidal Force","ΔF≈2GMmR/r³. Solves for tidal force, primary mass, satellite mass, radius, or distance.","ΔF = 2GMmR/r³","Orbital & Space Physics","Atom","[{""id"":""dF"",""label"":""Tidal Force"",""unit"":""N""},{""id"":""M"",""label"":""Primary Mass"",""unit"":""kg""},{""id"":""m"",""label"":""Satellite Mass"",""unit"":""kg""},{""id"":""R"",""label"":""Satellite Radius"",""unit"":""m""},{""id"":""r"",""label"":""Distance (center to center)"",""unit"":""m""}]",5
"midpoint","Midpoint Formula (2D)","M=((x₁+x₂)/2, (y₁+y₂)/2). Solves for midpoint or any coordinate.","M = ((x₁+x₂)/2, (y₁+y₂)/2)","Algebra & Pre-Calculus","Calculator","[{""id"":""mx"",""label"":""Midpoint X"",""unit"":""""},{""id"":""my"",""label"":""Midpoint Y"",""unit"":""""},{""id"":""x1"",""label"":""Point 1 X (x₁)"",""unit"":""""},{""id"":""y1"",""label"":""Point 1 Y (y₁)"",""unit"":""""},{""id"":""x2"",""label"":""Point 2 X (x₂)"",""unit"":""""},{""id"":""y2"",""label"":""Point 2 Y (y₂)"",""unit"":""""}]",6
"slope-line","Slope of a Line","m=(y₂-y₁)/(x₂-x₁). Solves for slope or any coordinate.","m = (y₂ − y₁) / (x₂ − x₁)","Algebra & Pre-Calculus","Calculator","[{""id"":""m"",""label"":""Slope (m)"",""unit"":""""},{""id"":""x1"",""label"":""x₁"",""unit"":""""},{""id"":""y1"",""label"":""y₁"",""unit"":""""},{""id"":""x2"",""label"":""x₂"",""unit"":""""},{""id"":""y2"",""label"":""y₂"",""unit"":""""}]",5
"arithmetic-sequence","Arithmetic Sequence & Series","aₙ=a₁+(n-1)d, Sₙ=n(a₁+aₙ)/2. Solves for any term, difference, sum, or n.","aₙ = a₁ + (n−1)d,  Sₙ = n(a₁+aₙ)/2","Algebra & Pre-Calculus","Calculator","[{""id"":""a1"",""label"":""First Term (a₁)"",""unit"":""""},{""id"":""d"",""label"":""Common Difference (d)"",""unit"":""""},{""id"":""n"",""label"":""Term Number (n)"",""unit"":""""},{""id"":""an"",""label"":""nth Term (aₙ)"",""unit"":""""}]",4
"geometric-sequence","Geometric Sequence & Series","aₙ=a₁r^(n-1), Sₙ=a₁(1-rⁿ)/(1-r). Solves for any term, ratio, sum, or n.","aₙ = a₁r^(n−1),  Sₙ = a₁(1−rⁿ)/(1−r)","Algebra & Pre-Calculus","Calculator","[{""id"":""a1"",""label"":""First Term (a₁)"",""unit"":""""},{""id"":""r"",""label"":""Common Ratio (r)"",""unit"":""""},{""id"":""n"",""label"":""Term Number (n)"",""unit"":""""},{""id"":""an"",""label"":""nth Term (aₙ)"",""unit"":""""}]",4
"simple-interest","Simple Interest","A=P(1+rt). Solves for amount, principal, rate, or time.","A = P(1 + rt)","Algebra & Pre-Calculus","Calculator","[{""id"":""A"",""label"":""Final Amount"",""unit"":""$""},{""id"":""P"",""label"":""Principal"",""unit"":""$""},{""id"":""r"",""label"":""Annual Rate (decimal)"",""unit"":""""},{""id"":""t"",""label"":""Time (years)"",""unit"":""years""}]",4
"continuous-compound","Continuously Compounded Interest","A=Pe^(rt). Solves for amount, principal, rate, or time.","A = Pe^(rt)","Algebra & Pre-Calculus","Calculator","[{""id"":""A"",""label"":""Final Amount"",""unit"":""$""},{""id"":""P"",""label"":""Principal"",""unit"":""$""},{""id"":""r"",""label"":""Annual Rate (decimal)"",""unit"":""""},{""id"":""t"",""label"":""Time (years)"",""unit"":""years""}]",4
"matrix-2x2","Matrix 2×2 (Det & Inverse)","Computes determinant, trace, and inverse of a 2×2 matrix from all four elements.","det(A) = ad − bc","Algebra & Pre-Calculus","Calculator","[{""id"":""a"",""label"":""Element a (top-left)"",""unit"":""""},{""id"":""b"",""label"":""Element b (top-right)"",""unit"":""""},{""id"":""c"",""label"":""Element c (bottom-left)"",""unit"":""""},{""id"":""d"",""label"":""Element d (bottom-right)"",""unit"":""""}]",4
"vector-ops","Vector Operations (2D/3D)","Dot product, cross product, magnitude, and angle between vectors.","A·B = a₁b₁+a₂b₂+a₃b₃","Algebra & Pre-Calculus","Calculator","[{""id"":""ax"",""label"":""Vector A x"",""unit"":""""},{""id"":""ay"",""label"":""Vector A y"",""unit"":""""},{""id"":""bx"",""label"":""Vector B x"",""unit"":""""},{""id"":""by"",""label"":""Vector B y"",""unit"":""""}]",4
"exponential-growth","Exponential Growth/Decay","N=N₀e^(kt). Solves for final amount, initial, rate, or time.","N = N₀ × e^(kt)","Algebra & Pre-Calculus","Calculator","[{""id"":""N"",""label"":""Final Amount (N)"",""unit"":""""},{""id"":""N0"",""label"":""Initial Amount (N₀)"",""unit"":""""},{""id"":""k"",""label"":""Growth Rate (k)"",""unit"":""""},{""id"":""t"",""label"":""Time"",""unit"":""""}]",4
"complex-numbers","Complex Number Operations","Computes magnitude, angle (phase), conjugate, and polar form of a complex number.","|z| = √(a² + b²),  θ = atan2(b, a)","Algebra & Pre-Calculus","Calculator","[{""id"":""a"",""label"":""Real part (a)"",""unit"":""""},{""id"":""b"",""label"":""Imaginary part (b)"",""unit"":""""}]",2
"circle-sector","Circle Sector & Arc","A=½r²θ, L=rθ. Solves for sector area, arc length, radius, or angle.","A = ½r²θ,  L = rθ (θ in radians)","Geometry & Trigonometry","Calculator","[{""id"":""A"",""label"":""Sector Area"",""unit"":""m²""},{""id"":""L"",""label"":""Arc Length"",""unit"":""m""},{""id"":""r"",""label"":""Radius"",""unit"":""m""},{""id"":""theta"",""label"":""Angle"",""unit"":""°""}]",4
"cone","Cone Volume & Surface","V=πr²h/3, A=πr(r+√(r²+h²)). Solves for volume, surface, radius, or height.","V = πr²h/3","Geometry & Trigonometry","Calculator","[{""id"":""V"",""label"":""Volume"",""unit"":""m³""},{""id"":""r"",""label"":""Base Radius"",""unit"":""m""},{""id"":""h"",""label"":""Height"",""unit"":""m""}]",3
"law-of-sines","Law of Sines","a/sinA = b/sinB = c/sinC. Solves for any side or angle in any triangle.","a/sin(A) = b/sin(B) = c/sin(C)","Geometry & Trigonometry","Calculator","[{""id"":""a"",""label"":""Side a"",""unit"":""""},{""id"":""A"",""label"":""Angle A (opposite a)"",""unit"":""°""},{""id"":""b"",""label"":""Side b"",""unit"":""""},{""id"":""B"",""label"":""Angle B (opposite b)"",""unit"":""°""}]",4
"double-angle","Double Angle Formulas","sin(2θ)=2sinθcosθ, cos(2θ)=cos²θ−sin²θ. Computes all double angle values.","sin(2θ) = 2sinθcosθ","Geometry & Trigonometry","Calculator","[{""id"":""theta"",""label"":""Angle θ"",""unit"":""°""}]",1
"point-line-distance","Point to Line Distance","d=|Ax₀+By₀+C|/√(A²+B²). Distance from point (x₀,y₀) to line Ax+By+C=0.","d = |Ax₀ + By₀ + C| / √(A² + B²)","Geometry & Trigonometry","Calculator","[{""id"":""A"",""label"":""Coefficient A"",""unit"":""""},{""id"":""B"",""label"":""Coefficient B"",""unit"":""""},{""id"":""C"",""label"":""Coefficient C"",""unit"":""""},{""id"":""x0"",""label"":""Point x₀"",""unit"":""""},{""id"":""y0"",""label"":""Point y₀"",""unit"":""""}]",5
"derivative-rules","Derivative Evaluator (Power Rule)","Computes derivative of axⁿ and evaluates at a point. Also shows slope of tangent.","d/dx[axⁿ] = anxⁿ⁻¹","Calculus Tools","Calculator","[{""id"":""a"",""label"":""Coefficient (a)"",""unit"":""""},{""id"":""n"",""label"":""Power (n)"",""unit"":""""},{""id"":""x"",""label"":""Evaluate at x"",""unit"":""""}]",3
"riemann-sum","Riemann Sum Estimator","Estimates ∫ₐᵇ x² dx using Left, Right, and Midpoint Riemann sums with n rectangles.","∫ₐᵇ f(x)dx ≈ Σf(xᵢ*)Δx","Calculus Tools","Calculator","[{""id"":""a"",""label"":""Lower bound (a)"",""unit"":""""},{""id"":""b"",""label"":""Upper bound (b)"",""unit"":""""},{""id"":""n"",""label"":""Number of rectangles"",""unit"":""""}]",3
"taylor-series","Taylor Series Approximation","Approximates eˣ, sin(x), or cos(x) using Taylor series up to N terms.","f(x) ≈ Σ f⁽ⁿ⁾(a)/n! × (x−a)ⁿ","Calculus Tools","Calculator","[{""id"":""func"",""label"":""Function (0=eˣ, 1=sin, 2=cos)"",""unit"":""""},{""id"":""x"",""label"":""Evaluate at x"",""unit"":""""},{""id"":""N"",""label"":""Number of terms"",""unit"":""""}]",3
"newton-method","Newton-Raphson Method","Finds root of x²−c=0 using Newton-Raphson iteration. Shows convergence step by step.","xₙ₊₁ = xₙ − f(xₙ)/f'(xₙ)","Calculus Tools","Calculator","[{""id"":""c"",""label"":""Find √c (solve x²−c=0)"",""unit"":""""},{""id"":""x0"",""label"":""Initial guess (x₀)"",""unit"":""""},{""id"":""iters"",""label"":""Iterations"",""unit"":""""}]",3
"z-score","Z-Score","z=(x−μ)/σ. Solves for z-score, value, mean, or standard deviation.","z = (x − μ) / σ","Probability & Statistics","Calculator","[{""id"":""z"",""label"":""Z-Score"",""unit"":""""},{""id"":""x"",""label"":""Value (x)"",""unit"":""""},{""id"":""mu"",""label"":""Mean (μ)"",""unit"":""""},{""id"":""sigma"",""label"":""Std Dev (σ)"",""unit"":""""}]",4
"binomial-prob","Binomial Probability","P(X=k) = C(n,k)p^k(1-p)^(n-k). Computes probability of k successes.","P(X=k) = C(n,k) × p^k × (1−p)^(n−k)","Probability & Statistics","Calculator","[{""id"":""n"",""label"":""Trials (n)"",""unit"":""""},{""id"":""k"",""label"":""Successes (k)"",""unit"":""""},{""id"":""p"",""label"":""Probability of success (p)"",""unit"":""""}]",3
"bayes-theorem","Bayes' Theorem","P(A|B)=P(B|A)P(A)/P(B). Solves for any conditional probability.","P(A|B) = P(B|A) × P(A) / P(B)","Probability & Statistics","Calculator","[{""id"":""pAgB"",""label"":""P(A|B)"",""unit"":""""},{""id"":""pBgA"",""label"":""P(B|A)"",""unit"":""""},{""id"":""pA"",""label"":""P(A)"",""unit"":""""},{""id"":""pB"",""label"":""P(B)"",""unit"":""""}]",4
"confidence-interval","Confidence Interval (Z)","CI = x̄ ± z*(σ/√n). Computes confidence interval for population mean.","CI = x̄ ± z*(σ/√n)","Probability & Statistics","Calculator","[{""id"":""xbar"",""label"":""Sample Mean (x̄)"",""unit"":""""},{""id"":""sigma"",""label"":""Population Std Dev (σ)"",""unit"":""""},{""id"":""n"",""label"":""Sample Size (n)"",""unit"":""""},{""id"":""z"",""label"":""Z critical value (e.g. 1.96)"",""unit"":""""}]",4
"poisson","Poisson Distribution","P(X=k) = (λ^k × e^(−λ))/k!. Computes Poisson probability.","P(X=k) = λ^k × e^(−λ) / k!","Probability & Statistics","Calculator","[{""id"":""lambda"",""label"":""Expected rate (λ)"",""unit"":""""},{""id"":""k"",""label"":""Number of events (k)"",""unit"":""""}]",2
"kinematics-v","Kinematics: Velocity-Time","v=v₀+at. Solves for final velocity, initial velocity, acceleration, or time.","v = v₀ + at","Kinematics & Dynamics","Cog","[{""id"":""v"",""label"":""Final Velocity"",""unit"":""m/s""},{""id"":""v0"",""label"":""Initial Velocity"",""unit"":""m/s""},{""id"":""a"",""label"":""Acceleration"",""unit"":""m/s²""},{""id"":""t"",""label"":""Time"",""unit"":""s""}]",4
"kinematics-x","Kinematics: Position-Time","x=x₀+v₀t+½at². Solves for position, initial velocity, acceleration, or time.","x = x₀ + v₀t + ½at²","Kinematics & Dynamics","Cog","[{""id"":""x"",""label"":""Final Position"",""unit"":""m""},{""id"":""x0"",""label"":""Initial Position"",""unit"":""m""},{""id"":""v0"",""label"":""Initial Velocity"",""unit"":""m/s""},{""id"":""a"",""label"":""Acceleration"",""unit"":""m/s²""},{""id"":""t"",""label"":""Time"",""unit"":""s""}]",5
"kinematics-v2","Kinematics: Velocity-Position","v²=v₀²+2aΔx. Solves for velocity, initial velocity, acceleration, or displacement.","v² = v₀² + 2aΔx","Kinematics & Dynamics","Cog","[{""id"":""v"",""label"":""Final Velocity"",""unit"":""m/s""},{""id"":""v0"",""label"":""Initial Velocity"",""unit"":""m/s""},{""id"":""a"",""label"":""Acceleration"",""unit"":""m/s²""},{""id"":""dx"",""label"":""Displacement (Δx)"",""unit"":""m""}]",4
"weight","Weight / Gravitational Force","W=mg. Solves for weight, mass, or gravity.","W = mg","Kinematics & Dynamics","Cog","[{""id"":""W"",""label"":""Weight"",""unit"":""N""},{""id"":""m"",""label"":""Mass"",""unit"":""kg""},{""id"":""g"",""label"":""Gravity"",""unit"":""m/s²""}]",3
"friction","Friction Forces","Static: fs≤μsN, Kinetic: fk=μkN. Computes both friction forces.","f = μN","Kinematics & Dynamics","Cog","[{""id"":""mu_s"",""label"":""Static Friction Coeff (μs)"",""unit"":""""},{""id"":""mu_k"",""label"":""Kinetic Friction Coeff (μk)"",""unit"":""""},{""id"":""N"",""label"":""Normal Force"",""unit"":""N""}]",3
"hookes-law","Hooke's Law (Spring Force)","F=kx. Solves for spring force, spring constant, or displacement.","F = kx","Kinematics & Dynamics","Cog","[{""id"":""F"",""label"":""Spring Force"",""unit"":""N""},{""id"":""k"",""label"":""Spring Constant"",""unit"":""N/m""},{""id"":""x"",""label"":""Displacement"",""unit"":""m""}]",3
"center-of-mass","Center of Mass (2 Particles)","x_cm=(m₁x₁+m₂x₂)/(m₁+m₂). Solves for center of mass or any mass/position.","x_cm = (m₁x₁ + m₂x₂) / (m₁ + m₂)","Kinematics & Dynamics","Cog","[{""id"":""xcm"",""label"":""Center of Mass"",""unit"":""m""},{""id"":""m1"",""label"":""Mass 1"",""unit"":""kg""},{""id"":""x1"",""label"":""Position 1"",""unit"":""m""},{""id"":""m2"",""label"":""Mass 2"",""unit"":""kg""},{""id"":""x2"",""label"":""Position 2"",""unit"":""m""}]",5
"work-done","Work Done by Force","W=Fdcosθ. Solves for work, force, displacement, or angle.","W = Fd cos(θ)","Work, Energy & Power","Cog","[{""id"":""W"",""label"":""Work"",""unit"":""J""},{""id"":""F"",""label"":""Force"",""unit"":""N""},{""id"":""d"",""label"":""Displacement"",""unit"":""m""},{""id"":""theta"",""label"":""Angle (F to d)"",""unit"":""°""}]",4
"kinetic-energy","Kinetic Energy","KE=½mv². Solves for KE, mass, or velocity.","KE = ½mv²","Work, Energy & Power","Cog","[{""id"":""KE"",""label"":""Kinetic Energy"",""unit"":""J""},{""id"":""m"",""label"":""Mass"",""unit"":""kg""},{""id"":""v"",""label"":""Velocity"",""unit"":""m/s""}]",3
"gpe-local","Gravitational PE (Local)","PE=mgh. Solves for potential energy, mass, height, or gravity.","PE = mgh","Work, Energy & Power","Cog","[{""id"":""PE"",""label"":""Potential Energy"",""unit"":""J""},{""id"":""m"",""label"":""Mass"",""unit"":""kg""},{""id"":""g"",""label"":""Gravity"",""unit"":""m/s²""},{""id"":""h"",""label"":""Height"",""unit"":""m""}]",4
"elastic-pe","Elastic PE (Spring)","PE=½kx². Solves for elastic potential energy, spring constant, or displacement.","PE = ½kx²","Work, Energy & Power","Cog","[{""id"":""PE"",""label"":""Elastic PE"",""unit"":""J""},{""id"":""k"",""label"":""Spring Constant"",""unit"":""N/m""},{""id"":""x"",""label"":""Displacement"",""unit"":""m""}]",3
"power-mechanical","Mechanical Power","P=W/t=Fv. Solves for power, work, time, force, or velocity.","P = W/t = Fv","Work, Energy & Power","Cog","[{""id"":""P"",""label"":""Power"",""unit"":""W""},{""id"":""W"",""label"":""Work"",""unit"":""J""},{""id"":""t"",""label"":""Time"",""unit"":""s""}]",3
"rotational-kinematics","Rotational Kinematics","ω=ω₀+αt, θ=ω₀t+½αt². Solves for angular variables.","ω = ω₀ + αt","Work, Energy & Power","Cog","[{""id"":""omega"",""label"":""Final Angular Vel (ω)"",""unit"":""rad/s""},{""id"":""omega0"",""label"":""Initial Angular Vel (ω₀)"",""unit"":""rad/s""},{""id"":""alpha"",""label"":""Angular Accel (α)"",""unit"":""rad/s²""},{""id"":""t"",""label"":""Time"",""unit"":""s""}]",4
"rotational-ke","Rotational Kinetic Energy","KE=½Iω². Solves for rotational KE, moment of inertia, or angular velocity.","KE_rot = ½Iω²","Work, Energy & Power","Cog","[{""id"":""KE"",""label"":""Rotational KE"",""unit"":""J""},{""id"":""I"",""label"":""Moment of Inertia"",""unit"":""kg·m²""},{""id"":""omega"",""label"":""Angular Velocity"",""unit"":""rad/s""}]",3
"mass-spring-period","Mass-Spring System (SHM)","T=2π√(m/k). Solves for period, mass, or spring constant.","T = 2π√(m/k)","Work, Energy & Power","Cog","[{""id"":""T"",""label"":""Period"",""unit"":""s""},{""id"":""m"",""label"":""Mass"",""unit"":""kg""},{""id"":""k"",""label"":""Spring Constant"",""unit"":""N/m""}]",3
"thermal-expansion","Thermal Linear Expansion","ΔL=αL₀ΔT. Solves for expansion, coefficient, original length, or temperature change.","ΔL = αL₀ΔT","Thermodynamics & Waves","Thermometer","[{""id"":""dL"",""label"":""Length Change (ΔL)"",""unit"":""m""},{""id"":""alpha"",""label"":""Expansion Coeff (α)"",""unit"":""1/°C""},{""id"":""L0"",""label"":""Original Length (L₀)"",""unit"":""m""},{""id"":""dT"",""label"":""Temperature Change (ΔT)"",""unit"":""°C""}]",4
"latent-heat","Latent Heat (Phase Change)","Q=mL. Solves for heat, mass, or latent heat of fusion/vaporization.","Q = mL","Thermodynamics & Waves","Thermometer","[{""id"":""Q"",""label"":""Heat Energy"",""unit"":""J""},{""id"":""m"",""label"":""Mass"",""unit"":""kg""},{""id"":""L"",""label"":""Latent Heat (L)"",""unit"":""J/kg""}]",3
"first-law-thermo","First Law of Thermodynamics","ΔU=Q−W. Solves for internal energy change, heat, or work.","ΔU = Q − W","Thermodynamics & Waves","Thermometer","[{""id"":""dU"",""label"":""Internal Energy Change (ΔU)"",""unit"":""J""},{""id"":""Q"",""label"":""Heat Added (Q)"",""unit"":""J""},{""id"":""W"",""label"":""Work Done by System (W)"",""unit"":""J""}]",3
"entropy","Entropy Change","ΔS=Q/T. Solves for entropy change, heat, or temperature.","ΔS = Q / T","Thermodynamics & Waves","Thermometer","[{""id"":""dS"",""label"":""Entropy Change (ΔS)"",""unit"":""J/K""},{""id"":""Q"",""label"":""Heat Transfer (Q)"",""unit"":""J""},{""id"":""T"",""label"":""Temperature (T)"",""unit"":""K""}]",3
"sound-level","Sound Intensity Level (dB)","β=10·log(I/I₀). Solves for decibel level, intensity, or reference intensity.","β = 10 × log₁₀(I/I₀)","Thermodynamics & Waves","Thermometer","[{""id"":""beta"",""label"":""Sound Level (β)"",""unit"":""dB""},{""id"":""I"",""label"":""Sound Intensity (I)"",""unit"":""W/m²""},{""id"":""I0"",""label"":""Reference Intensity (I₀)"",""unit"":""W/m²""}]",3
"beat-frequency","Beat Frequency","f_beat=|f₁−f₂|. Solves for beat frequency or either source frequency.","f_beat = |f₁ − f₂|","Thermodynamics & Waves","Thermometer","[{""id"":""fb"",""label"":""Beat Frequency"",""unit"":""Hz""},{""id"":""f1"",""label"":""Frequency 1 (f₁)"",""unit"":""Hz""},{""id"":""f2"",""label"":""Frequency 2 (f₂)"",""unit"":""Hz""}]",3
"critical-angle","Critical Angle (TIR)","θc=arcsin(n₂/n₁). Computes critical angle for total internal reflection.","θ_c = arcsin(n₂/n₁)","Thermodynamics & Waves","Thermometer","[{""id"":""n1"",""label"":""Denser Medium (n₁)"",""unit"":""""},{""id"":""n2"",""label"":""Less Dense Medium (n₂)"",""unit"":""""}]",2
"double-slit","Young's Double Slit","y=λL/d. Solves for fringe spacing, wavelength, distance to screen, or slit separation.","y = λL/d","Thermodynamics & Waves","Thermometer","[{""id"":""y"",""label"":""Fringe Spacing"",""unit"":""m""},{""id"":""lambda"",""label"":""Wavelength (λ)"",""unit"":""nm""},{""id"":""L"",""label"":""Screen Distance"",""unit"":""m""},{""id"":""d"",""label"":""Slit Separation"",""unit"":""m""}]",4
"density","Density / Mass / Volume","ρ=m/V. Solves for density, mass, or volume.","ρ = m/V","General Chemistry","Calculator","[{""id"":""rho"",""label"":""Density (ρ)"",""unit"":""kg/m³""},{""id"":""m"",""label"":""Mass"",""unit"":""kg""},{""id"":""V"",""label"":""Volume"",""unit"":""m³""}]",3
"moles-calc","Moles & Molar Mass","n=m/M. Solves for moles, mass, or molar mass. Also computes particle count.","n = m/M, N = n × Nₐ","General Chemistry","Calculator","[{""id"":""n"",""label"":""Moles (n)"",""unit"":""mol""},{""id"":""m"",""label"":""Mass (m)"",""unit"":""g""},{""id"":""M"",""label"":""Molar Mass (M)"",""unit"":""g/mol""}]",3
"molarity","Molarity (M)","M=n/V(solution). Solves for molarity, moles, or volume.","M = n / V","General Chemistry","Calculator","[{""id"":""M"",""label"":""Molarity"",""unit"":""mol/L""},{""id"":""n"",""label"":""Moles of Solute"",""unit"":""mol""},{""id"":""V"",""label"":""Volume of Solution"",""unit"":""L""}]",3
"percent-yield","Percent Yield & Error","Computes percent yield and percent error for experiments.","% yield = (actual/theoretical)×100","General Chemistry","Calculator","[{""id"":""actual"",""label"":""Actual/Experimental Value"",""unit"":""""},{""id"":""theoretical"",""label"":""Theoretical/Accepted Value"",""unit"":""""}]",2
"boyle-law","Boyle's Law","P₁V₁=P₂V₂. Solves for any pressure or volume in gas compression/expansion.","P₁V₁ = P₂V₂","General Chemistry","Calculator","[{""id"":""P1"",""label"":""Initial Pressure (P₁)"",""unit"":""Pa""},{""id"":""V1"",""label"":""Initial Volume (V₁)"",""unit"":""m³""},{""id"":""P2"",""label"":""Final Pressure (P₂)"",""unit"":""Pa""},{""id"":""V2"",""label"":""Final Volume (V₂)"",""unit"":""m³""}]",4
"charles-law","Charles's Law","V₁/T₁=V₂/T₂. Solves for any volume or temperature. Temperature must be in Kelvin.","V₁/T₁ = V₂/T₂","General Chemistry","Calculator","[{""id"":""V1"",""label"":""Initial Volume (V₁)"",""unit"":""m³""},{""id"":""T1"",""label"":""Initial Temp (T₁)"",""unit"":""K""},{""id"":""V2"",""label"":""Final Volume (V₂)"",""unit"":""m³""},{""id"":""T2"",""label"":""Final Temp (T₂)"",""unit"":""K""}]",4
"combined-gas","Combined Gas Law","P₁V₁/T₁=P₂V₂/T₂. Solves for any pressure, volume, or temperature.","P₁V₁/T₁ = P₂V₂/T₂","General Chemistry","Calculator","[{""id"":""P1"",""label"":""P₁"",""unit"":""Pa""},{""id"":""V1"",""label"":""V₁"",""unit"":""m³""},{""id"":""T1"",""label"":""T₁"",""unit"":""K""},{""id"":""P2"",""label"":""P₂"",""unit"":""Pa""},{""id"":""V2"",""label"":""V₂"",""unit"":""m³""},{""id"":""T2"",""label"":""T₂"",""unit"":""K""}]",6
"gibbs-free","Gibbs Free Energy","G=H−TS. Solves for Gibbs energy, enthalpy, entropy, or temperature.","ΔG = ΔH − TΔS","General Chemistry","Calculator","[{""id"":""dG"",""label"":""Gibbs Free Energy (ΔG)"",""unit"":""kJ""},{""id"":""dH"",""label"":""Enthalpy (ΔH)"",""unit"":""kJ""},{""id"":""T"",""label"":""Temperature"",""unit"":""K""},{""id"":""dS"",""label"":""Entropy (ΔS)"",""unit"":""kJ/K""}]",4
"arrhenius","Arrhenius Equation","k=Ae^(−Ea/RT). Solves for rate constant, activation energy, or temperature.","k = A × e^(−Ea/RT)","General Chemistry","Calculator","[{""id"":""k"",""label"":""Rate Constant (k)"",""unit"":""""},{""id"":""A"",""label"":""Pre-exponential Factor (A)"",""unit"":""""},{""id"":""Ea"",""label"":""Activation Energy (Ea)"",""unit"":""J/mol""},{""id"":""T"",""label"":""Temperature"",""unit"":""K""}]",4
"half-life-first","Half-Life (First Order)","t½=ln(2)/k. Solves for half-life or rate constant of first-order reactions.","t½ = ln(2)/k","General Chemistry","Calculator","[{""id"":""thalf"",""label"":""Half-life (t½)"",""unit"":""s""},{""id"":""k"",""label"":""Rate Constant (k)"",""unit"":""1/s""}]",2
"equilibrium-kc","Equilibrium Constant (Kc)","Computes Kc from concentrations. aA+bB ⇌ cC+dD.","Kc = [C]^c[D]^d / [A]^a[B]^b","General Chemistry","Calculator","[{""id"":""Kc"",""label"":""Equilibrium Constant (Kc)"",""unit"":""""},{""id"":""products"",""label"":""[Products]^coeffs (e.g. 0.5,0.3)"",""unit"":""""},{""id"":""reactants"",""label"":""[Reactants]^coeffs (e.g. 0.1,0.2)"",""unit"":""""}]",3
"graham-law","Graham's Law of Effusion","rate₁/rate₂=√(M₂/M₁). Compares effusion rates of two gases.","rate₁/rate₂ = √(M₂/M₁)","General Chemistry","Calculator","[{""id"":""rate1"",""label"":""Rate of Gas 1"",""unit"":""""},{""id"":""rate2"",""label"":""Rate of Gas 2"",""unit"":""""},{""id"":""M1"",""label"":""Molar Mass Gas 1 (g/mol)"",""unit"":""g/mol""},{""id"":""M2"",""label"":""Molar Mass Gas 2 (g/mol)"",""unit"":""g/mol""}]",4
"hardy-weinberg","Hardy-Weinberg Equilibrium","p+q=1, p²+2pq+q²=1. Solves for allele and genotype frequencies.","p² + 2pq + q² = 1","Biology & Biochemistry","Calculator","[{""id"":""p"",""label"":""Dominant Allele Freq (p)"",""unit"":""""},{""id"":""q"",""label"":""Recessive Allele Freq (q)"",""unit"":""""}]",2
"population-growth","Population Growth","N=N₀e^(rt). Exponential population growth model.","N = N₀ × e^(rt)","Biology & Biochemistry","Calculator","[{""id"":""N"",""label"":""Future Population (N)"",""unit"":""""},{""id"":""N0"",""label"":""Initial Population (N₀)"",""unit"":""""},{""id"":""r"",""label"":""Growth Rate (r)"",""unit"":""""},{""id"":""t"",""label"":""Time"",""unit"":""""}]",4
"bmi","Body Mass Index (BMI)","BMI=weight/height². Computes BMI and classifies weight status.","BMI = weight(kg) / height(m)²","Biology & Biochemistry","Calculator","[{""id"":""weight"",""label"":""Weight"",""unit"":""kg""},{""id"":""height"",""label"":""Height"",""unit"":""m""}]",2
"cardiac-output","Cardiac Output","CO=HR×SV. Solves for cardiac output, heart rate, or stroke volume.","CO = HR × SV","Biology & Biochemistry","Calculator","[{""id"":""CO"",""label"":""Cardiac Output"",""unit"":""L/min""},{""id"":""HR"",""label"":""Heart Rate"",""unit"":""bpm""},{""id"":""SV"",""label"":""Stroke Volume"",""unit"":""mL""}]",3
"map-calc","Mean Arterial Pressure (MAP)","MAP=DBP+⅓(SBP−DBP). Computes MAP from blood pressure readings.","MAP = DBP + ⅓(SBP − DBP)","Biology & Biochemistry","Calculator","[{""id"":""SBP"",""label"":""Systolic BP"",""unit"":""mmHg""},{""id"":""DBP"",""label"":""Diastolic BP"",""unit"":""mmHg""}]",2
"fick-diffusion","Fick's Law of Diffusion","J=−D×A×(dC/dx). Solves for diffusion rate, area, concentration gradient.","J = −D × A × ΔC/Δx","Biology & Biochemistry","Calculator","[{""id"":""J"",""label"":""Diffusion Rate (J)"",""unit"":""mol/s""},{""id"":""D"",""label"":""Diffusion Coefficient (D)"",""unit"":""m²/s""},{""id"":""A"",""label"":""Area (A)"",""unit"":""m²""},{""id"":""dCdx"",""label"":""Concentration Gradient (ΔC/Δx)"",""unit"":""mol/m⁴""}]",4
"michaelis-menten","Michaelis-Menten Kinetics","v=Vmax[S]/(Km+[S]). Solves for velocity, Vmax, Km, or substrate concentration.","v = Vmax × [S] / (Km + [S])","Biology & Biochemistry","Calculator","[{""id"":""v"",""label"":""Reaction Velocity (v)"",""unit"":""""},{""id"":""Vmax"",""label"":""Maximum Velocity (Vmax)"",""unit"":""""},{""id"":""S"",""label"":""Substrate Conc [S]"",""unit"":""""},{""id"":""Km"",""label"":""Michaelis Constant (Km)"",""unit"":""""}]",4
"bacterial-growth","Bacterial Doubling Time","N=N₀×2^(t/td). Solves for population, initial, time, or doubling time.","N = N₀ × 2^(t/td)","Biology & Biochemistry","Calculator","[{""id"":""N"",""label"":""Final Population (N)"",""unit"":""""},{""id"":""N0"",""label"":""Initial Population (N₀)"",""unit"":""""},{""id"":""t"",""label"":""Time"",""unit"":""min""},{""id"":""td"",""label"":""Doubling Time (td)"",""unit"":""min""}]",4
"nernst-membrane","Nernst Equation (Membrane)","E=(RT/zF)×ln([ion]out/[ion]in). Equilibrium potential for an ion across membrane.","E = (RT/zF) × ln([ion]out/[ion]in)","Biology & Biochemistry","Calculator","[{""id"":""E"",""label"":""Equilibrium Potential"",""unit"":""mV""},{""id"":""z"",""label"":""Ion Charge (z)"",""unit"":""""},{""id"":""out"",""label"":""[Ion] outside"",""unit"":""mM""},{""id"":""inn"",""label"":""[Ion] inside"",""unit"":""mM""},{""id"":""T"",""label"":""Temperature"",""unit"":""°C""}]",5
"stroke-volume","Stroke Volume & Ejection Fraction","SV=EDV−ESV, EF=SV/EDV×100. Computes cardiac stroke volume and ejection fraction.","SV = EDV − ESV,  EF = SV/EDV × 100","Biology & Biochemistry","Calculator","[{""id"":""EDV"",""label"":""End Diastolic Volume"",""unit"":""mL""},{""id"":""ESV"",""label"":""End Systolic Volume"",""unit"":""mL""}]",2
"electric-field","Electric Field (Point Charge)","E=kQ/r². Solves for electric field, charge, or distance.","E = kQ/r²","Electric Fields & Potential","Zap","[{""id"":""E"",""label"":""Electric Field"",""unit"":""N/C""},{""id"":""Q"",""label"":""Charge"",""unit"":""C""},{""id"":""r"",""label"":""Distance"",""unit"":""m""}]",3
"electric-potential","Electric Potential","V=kQ/r. Solves for electric potential, charge, or distance.","V = kQ/r","Electric Fields & Potential","Zap","[{""id"":""V"",""label"":""Electric Potential"",""unit"":""V""},{""id"":""Q"",""label"":""Charge"",""unit"":""C""},{""id"":""r"",""label"":""Distance"",""unit"":""m""}]",3
"parallel-plate-cap","Parallel Plate Capacitor","C=ε₀A/d. Solves for capacitance, plate area, or separation.","C = ε₀A/d","Electric Fields & Potential","Zap","[{""id"":""C"",""label"":""Capacitance"",""unit"":""F""},{""id"":""A"",""label"":""Plate Area"",""unit"":""m²""},{""id"":""d"",""label"":""Plate Separation"",""unit"":""m""}]",3
"resistivity","Resistance from Resistivity","R=ρL/A. Solves for resistance, resistivity, length, or cross-section area.","R = ρL/A","Electric Fields & Potential","Zap","[{""id"":""R"",""label"":""Resistance"",""unit"":""Ω""},{""id"":""rho"",""label"":""Resistivity (ρ)"",""unit"":""Ω·m""},{""id"":""L"",""label"":""Length"",""unit"":""m""},{""id"":""A"",""label"":""Cross-section Area"",""unit"":""m²""}]",4
"series-parallel-cap","Series/Parallel Capacitance","Series: 1/Ct=Σ(1/Ci), Parallel: Ct=ΣCi. Computes equivalent capacitance.","Series: 1/Ct = 1/C₁+1/C₂+... | Parallel: Ct = C₁+C₂+...","Electric Fields & Potential","Zap","[{""id"":""type"",""label"":""0=Series, 1=Parallel"",""unit"":""""},{""id"":""c1"",""label"":""C₁"",""unit"":""F""},{""id"":""c2"",""label"":""C₂"",""unit"":""F""},{""id"":""c3"",""label"":""C₃ (0 if none)"",""unit"":""F""}]",4
"motional-emf","Motional EMF","EMF=BLv. Solves for induced EMF, field, length, or velocity of moving conductor.","EMF = BLv","Electric Fields & Potential","Zap","[{""id"":""emf"",""label"":""Induced EMF"",""unit"":""V""},{""id"":""B"",""label"":""Magnetic Field"",""unit"":""T""},{""id"":""L"",""label"":""Conductor Length"",""unit"":""m""},{""id"":""v"",""label"":""Velocity"",""unit"":""m/s""}]",4
"molality","Molality","m=n/kg(solvent). Solves for molality, moles, or solvent mass.","m = n / kg(solvent)","Advanced Chemistry","Calculator","[{""id"":""m"",""label"":""Molality"",""unit"":""mol/kg""},{""id"":""n"",""label"":""Moles of Solute"",""unit"":""mol""},{""id"":""kg"",""label"":""Solvent Mass"",""unit"":""kg""}]",3
"dalton-law","Dalton's Law of Partial Pressures","P_total=P₁+P₂+P₃. Solves for total pressure or any partial pressure.","P_total = P₁ + P₂ + P₃","Advanced Chemistry","Calculator","[{""id"":""Pt"",""label"":""Total Pressure"",""unit"":""atm""},{""id"":""P1"",""label"":""Partial Pressure P₁"",""unit"":""atm""},{""id"":""P2"",""label"":""Partial Pressure P₂"",""unit"":""atm""},{""id"":""P3"",""label"":""Partial Pressure P₃"",""unit"":""atm""}]",4
"rms-speed","RMS Speed of Gas Molecules","vrms=√(3RT/M). Solves for RMS speed, temperature, or molar mass.","v_rms = √(3RT/M)","Advanced Chemistry","Calculator","[{""id"":""v"",""label"":""RMS Speed"",""unit"":""m/s""},{""id"":""T"",""label"":""Temperature"",""unit"":""K""},{""id"":""M"",""label"":""Molar Mass (kg/mol)"",""unit"":""kg/mol""}]",3
"van-der-waals","Van der Waals Equation","(P+n²a/V²)(V−nb)=nRT. Corrects ideal gas for real behavior.","(P + n²a/V²)(V − nb) = nRT","Advanced Chemistry","Calculator","[{""id"":""P"",""label"":""Pressure"",""unit"":""atm""},{""id"":""V"",""label"":""Volume"",""unit"":""L""},{""id"":""n"",""label"":""Moles"",""unit"":""mol""},{""id"":""T"",""label"":""Temperature"",""unit"":""K""},{""id"":""a"",""label"":""Van der Waals a"",""unit"":""L²·atm/mol²""},{""id"":""b"",""label"":""Van der Waals b"",""unit"":""L/mol""}]",6
"mass-percent","Mass Percent & PPM","Computes mass percent, parts per million, and mole fraction.","% = (mass_solute / mass_solution) × 100","Advanced Chemistry","Calculator","[{""id"":""ms"",""label"":""Mass of Solute"",""unit"":""g""},{""id"":""mt"",""label"":""Mass of Solution"",""unit"":""g""}]",2
"chi-square","Chi-Square Test","χ²=Σ(O−E)²/E. Computes chi-square statistic from observed and expected values.","χ² = Σ(O−E)²/E","Ecology & Environmental","Calculator","[{""id"":""observed"",""label"":""Observed (comma-sep)"",""unit"":""""},{""id"":""expected"",""label"":""Expected (comma-sep)"",""unit"":""""}]",2
"shannon-index","Shannon-Wiener Diversity Index","H'=−Σ(pi×ln(pi)). Computes species diversity from proportions.","H' = −Σ(pi × ln(pi))","Ecology & Environmental","Calculator","[{""id"":""data"",""label"":""Species counts (comma-sep)"",""unit"":""""}]",1
"rule-of-70","Rule of 70 (Doubling Time)","td=70/r. Quick estimate of doubling time from growth rate percentage.","td = 70 / r%","Ecology & Environmental","Calculator","[{""id"":""td"",""label"":""Doubling Time"",""unit"":""years""},{""id"":""r"",""label"":""Growth Rate (%)"",""unit"":""%""}]",2
"npp","Net Primary Productivity","NPP=GPP−R. Solves for net primary productivity, gross, or respiration.","NPP = GPP − R","Ecology & Environmental","Calculator","[{""id"":""NPP"",""label"":""Net Primary Productivity"",""unit"":""g/m²/yr""},{""id"":""GPP"",""label"":""Gross Primary Productivity"",""unit"":""g/m²/yr""},{""id"":""R"",""label"":""Respiration"",""unit"":""g/m²/yr""}]",3
"cell-sa-vol","Cell SA:Volume Ratio","Computes surface area to volume ratio for spherical and cuboidal cells.","SA/V ratio (sphere) = 3/r","Ecology & Environmental","Calculator","[{""id"":""r"",""label"":""Radius (sphere) or Side (cube)"",""unit"":""µm""}]",1
"q10","Q10 Temperature Coefficient","Q10=(R2/R1)^(10/(T2-T1)). Measures metabolic rate change with temperature.","Q₁₀ = (R₂/R₁)^(10/(T₂−T₁))","Ecology & Environmental","Calculator","[{""id"":""Q10"",""label"":""Q10"",""unit"":""""},{""id"":""R1"",""label"":""Rate at T₁ (R₁)"",""unit"":""""},{""id"":""R2"",""label"":""Rate at T₂ (R₂)"",""unit"":""""},{""id"":""T1"",""label"":""Temperature 1 (T₁)"",""unit"":""°C""},{""id"":""T2"",""label"":""Temperature 2 (T₂)"",""unit"":""°C""}]",5
"distance-3d","3D Distance Formula","d=√((x₂-x₁)²+(y₂-y₁)²+(z₂-z₁)²). Solves for distance or any coordinate.","d = √(Δx² + Δy² + Δz²)","More Mathematics","Calculator","[{""id"":""d"",""label"":""Distance"",""unit"":""""},{""id"":""x1"",""label"":""x₁"",""unit"":""""},{""id"":""y1"",""label"":""y₁"",""unit"":""""},{""id"":""z1"",""label"":""z₁"",""unit"":""""},{""id"":""x2"",""label"":""x₂"",""unit"":""""},{""id"":""y2"",""label"":""y₂"",""unit"":""""},{""id"":""z2"",""label"":""z₂"",""unit"":""""}]",7
"change-of-base","Change of Base (Logarithm)","log_b(x) = log_a(x)/log_a(b). Converts between log bases.","log_b(x) = ln(x)/ln(b)","More Mathematics","Calculator","[{""id"":""result"",""label"":""log_b(x) result"",""unit"":""""},{""id"":""x"",""label"":""Argument (x)"",""unit"":""""},{""id"":""b"",""label"":""Base (b)"",""unit"":""""}]",3
"slope-intercept","Slope-Intercept Form","y=mx+b. Generates equation from slope and y-intercept. Evaluates at any x.","y = mx + b","More Mathematics","Calculator","[{""id"":""m"",""label"":""Slope (m)"",""unit"":""""},{""id"":""b"",""label"":""Y-intercept (b)"",""unit"":""""},{""id"":""x"",""label"":""X value (to evaluate)"",""unit"":""""}]",3
"matrix-3x3","Matrix 3×3 Determinant","Computes determinant of a 3×3 matrix using cofactor expansion.","det = a(ei−fh) − b(di−fg) + c(dh−eg)","More Mathematics","Calculator","[{""id"":""a"",""label"":""a"",""unit"":""""},{""id"":""b"",""label"":""b"",""unit"":""""},{""id"":""c"",""label"":""c"",""unit"":""""},{""id"":""d"",""label"":""d"",""unit"":""""},{""id"":""e"",""label"":""e"",""unit"":""""},{""id"":""f"",""label"":""f"",""unit"":""""},{""id"":""g"",""label"":""g"",""unit"":""""},{""id"":""h"",""label"":""h"",""unit"":""""},{""id"":""i"",""label"":""i"",""unit"":""""}]",9
"triangle-bh","Triangle Area (Base × Height)","A=½bh. Solves for area, base, or height.","A = ½bh","Area & Volume Shapes","Calculator","[{""id"":""A"",""label"":""Area"",""unit"":""m²""},{""id"":""b"",""label"":""Base"",""unit"":""m""},{""id"":""h"",""label"":""Height"",""unit"":""m""}]",3
"trapezoid","Trapezoid Area","A=½(a+b)h. Solves for area, either base, or height.","A = ½(a+b)h","Area & Volume Shapes","Calculator","[{""id"":""A"",""label"":""Area"",""unit"":""m²""},{""id"":""a"",""label"":""Base a (top)"",""unit"":""m""},{""id"":""b"",""label"":""Base b (bottom)"",""unit"":""m""},{""id"":""h"",""label"":""Height"",""unit"":""m""}]",4
"rect-prism","Rectangular Prism (Box)","V=lwh, SA=2(lw+lh+wh). Computes volume and surface area.","V = lwh","Area & Volume Shapes","Calculator","[{""id"":""l"",""label"":""Length"",""unit"":""m""},{""id"":""w"",""label"":""Width"",""unit"":""m""},{""id"":""h"",""label"":""Height"",""unit"":""m""}]",3
"pyramid","Pyramid Volume","V=⅓Bh. Computes pyramid volume from base area and height.","V = ⅓Bh","Area & Volume Shapes","Calculator","[{""id"":""V"",""label"":""Volume"",""unit"":""m³""},{""id"":""B"",""label"":""Base Area"",""unit"":""m²""},{""id"":""h"",""label"":""Height"",""unit"":""m""}]",3
"hemisphere","Hemisphere Volume & Surface","V=⅔πr³, A=3πr². Computes hemisphere volume and surface area.","V = ⅔πr³","Area & Volume Shapes","Calculator","[{""id"":""r"",""label"":""Radius"",""unit"":""m""}]",1
"ellipse","Ellipse Area","A=πab. Solves for area, semi-major, or semi-minor axis.","A = πab","Area & Volume Shapes","Calculator","[{""id"":""A"",""label"":""Area"",""unit"":""m²""},{""id"":""a"",""label"":""Semi-major (a)"",""unit"":""m""},{""id"":""b"",""label"":""Semi-minor (b)"",""unit"":""m""}]",3
"parallelogram","Parallelogram Area","A=bh. Solves for area, base, or height.","A = bh","Area & Volume Shapes","Calculator","[{""id"":""A"",""label"":""Area"",""unit"":""m²""},{""id"":""b"",""label"":""Base"",""unit"":""m""},{""id"":""h"",""label"":""Height"",""unit"":""m""}]",3
"wave-string","Wave on a String","v=√(T/μ). Solves for wave speed, tension, or linear mass density.","v = √(T/μ)","Final Physics Essentials","Cog","[{""id"":""v"",""label"":""Wave Speed"",""unit"":""m/s""},{""id"":""T"",""label"":""Tension"",""unit"":""N""},{""id"":""mu"",""label"":""Linear Density (μ)"",""unit"":""kg/m""}]",3
"refraction-index","Index of Refraction","n=c/v. Solves for refractive index, speed of light in medium.","n = c/v","Final Physics Essentials","Cog","[{""id"":""n"",""label"":""Refractive Index (n)"",""unit"":""""},{""id"":""v"",""label"":""Speed in Medium"",""unit"":""m/s""}]",2
"magnification","Optical Magnification","m=-di/do. Computes magnification, image height, and orientation.","m = -dᵢ/dₒ = hᵢ/hₒ","Final Physics Essentials","Cog","[{""id"":""di"",""label"":""Image Distance (dᵢ)"",""unit"":""m""},{""id"":""do"",""label"":""Object Distance (dₒ)"",""unit"":""m""},{""id"":""ho"",""label"":""Object Height (hₒ)"",""unit"":""m""}]",3
"isobaric-work","Isobaric Work (Gas)","W=PΔV. Solves for work done by gas, pressure, or volume change.","W = PΔV","Final Physics Essentials","Cog","[{""id"":""W"",""label"":""Work"",""unit"":""J""},{""id"":""P"",""label"":""Pressure"",""unit"":""Pa""},{""id"":""dV"",""label"":""Volume Change (ΔV)"",""unit"":""m³""}]",3
"parallel-axis","Parallel Axis Theorem","I=Icm+md². Solves for moment of inertia about any parallel axis.","I = I_cm + md²","Final Physics Essentials","Cog","[{""id"":""I"",""label"":""Moment of Inertia (I)"",""unit"":""kg·m²""},{""id"":""Icm"",""label"":""I at Center of Mass"",""unit"":""kg·m²""},{""id"":""m"",""label"":""Mass"",""unit"":""kg""},{""id"":""d"",""label"":""Distance to Parallel Axis"",""unit"":""m""}]",4
"rydberg","Rydberg Equation (Hydrogen)","1/λ=R(1/n₁²−1/n₂²). Computes wavelength of hydrogen emission lines.","1/λ = R(1/n₁² − 1/n₂²)","Final Physics Essentials","Cog","[{""id"":""n1"",""label"":""Lower Level (n₁)"",""unit"":""""},{""id"":""n2"",""label"":""Upper Level (n₂)"",""unit"":""""}]",2
"bohr-energy","Bohr Model Energy Levels","En=-13.6/n² eV. Computes energy for any hydrogen energy level.","E_n = -13.6/n² eV","Final Physics Essentials","Cog","[{""id"":""n"",""label"":""Energy Level (n)"",""unit"":""""}]",1
"bragg-law","Bragg's Law (X-ray Diffraction)","nλ=2d·sinθ. Solves for wavelength, spacing, angle, or order.","nλ = 2d sin(θ)","Final Physics Essentials","Cog","[{""id"":""n"",""label"":""Order (n)"",""unit"":""""},{""id"":""lambda"",""label"":""Wavelength (λ)"",""unit"":""nm""},{""id"":""d"",""label"":""Crystal Spacing (d)"",""unit"":""nm""},{""id"":""theta"",""label"":""Angle (θ)"",""unit"":""°""}]",4
"bmr","Basal Metabolic Rate (BMR)","Harris-Benedict equation. Estimates daily calorie needs.","Men: 88.36 + 13.4w + 4.8h − 5.7a","Health & Physiology","Calculator","[{""id"":""gender"",""label"":""0=Male, 1=Female"",""unit"":""""},{""id"":""weight"",""label"":""Weight (kg)"",""unit"":""kg""},{""id"":""height"",""label"":""Height (cm)"",""unit"":""cm""},{""id"":""age"",""label"":""Age (years)"",""unit"":""years""}]",4
"renal-clearance","Renal Clearance Rate","C=U×V/P. Computes renal clearance from urine and plasma concentrations.","C = (U × V) / P","Health & Physiology","Calculator","[{""id"":""C"",""label"":""Clearance Rate"",""unit"":""mL/min""},{""id"":""U"",""label"":""Urine Concentration"",""unit"":""mg/mL""},{""id"":""V"",""label"":""Urine Flow Rate"",""unit"":""mL/min""},{""id"":""P"",""label"":""Plasma Concentration"",""unit"":""mg/mL""}]",4
"alveolar-gas","Alveolar Gas Equation","PAO₂=FiO₂(Patm−PH₂O)−PaCO₂/RQ. Solves for PAO₂, FiO₂, PaCO₂, or RQ.","PAO₂ = FiO₂(Patm−47) − PaCO₂/RQ","Health & Physiology","Calculator","[{""id"":""PAO2"",""label"":""PAO₂ (mmHg)"",""unit"":""mmHg""},{""id"":""FiO2"",""label"":""FiO₂ (fraction, e.g. 0.21)"",""unit"":""""},{""id"":""PaCO2"",""label"":""PaCO₂ (mmHg)"",""unit"":""mmHg""},{""id"":""RQ"",""label"":""Respiratory Quotient"",""unit"":""""}]",4
"simpson-diversity","Simpson's Diversity Index","D=1−Σ(n(n−1))/(N(N−1)). Computes Simpson's index from species counts.","D = 1 − Σnᵢ(nᵢ−1) / N(N−1)","Health & Physiology","Calculator","[{""id"":""data"",""label"":""Species counts (comma-sep)"",""unit"":""""}]",1
"vector-cross","Vector Cross Product (3D)","A×B. Computes cross product and resulting magnitude.","A×B = (aybz−azby, azbx−axbz, axby−aybx)","Health & Physiology","Calculator","[{""id"":""ax"",""label"":""A x"",""unit"":""""},{""id"":""ay"",""label"":""A y"",""unit"":""""},{""id"":""az"",""label"":""A z"",""unit"":""""},{""id"":""bx"",""label"":""B x"",""unit"":""""},{""id"":""by"",""label"":""B y"",""unit"":""""},{""id"":""bz"",""label"":""B z"",""unit"":""""}]",6
"half-angle","Half Angle Formulas","sin(θ/2), cos(θ/2), tan(θ/2) from angle θ.","sin(θ/2) = ±√((1−cosθ)/2)","Health & Physiology","Calculator","[{""id"":""theta"",""label"":""Angle θ"",""unit"":""°""}]",1
"angle-between-vectors","Angle Between Two Vectors","θ=arccos(A·B/(|A||B|)). Computes angle from vector components.","θ = arccos(A·B / |A||B|)","Health & Physiology","Calculator","[{""id"":""ax"",""label"":""A x"",""unit"":""""},{""id"":""ay"",""label"":""A y"",""unit"":""""},{""id"":""bx"",""label"":""B x"",""unit"":""""},{""id"":""by"",""label"":""B y"",""unit"":""""}]",4
"temp-conversion","Temperature Conversion","Converts between Celsius, Fahrenheit, and Kelvin.","°F = °C×9/5+32, K = °C+273.15","Essential Conversions","Calculator","[{""id"":""C"",""label"":""Celsius (°C)"",""unit"":""°C""},{""id"":""F"",""label"":""Fahrenheit (°F)"",""unit"":""°F""},{""id"":""K"",""label"":""Kelvin (K)"",""unit"":""K""}]",3
"speed-distance-time","Speed / Distance / Time","v=d/t. Solves for speed, distance, or time.","v = d/t","Essential Conversions","Calculator","[{""id"":""v"",""label"":""Speed"",""unit"":""m/s""},{""id"":""d"",""label"":""Distance"",""unit"":""m""},{""id"":""t"",""label"":""Time"",""unit"":""s""}]",3
"photon-energy","Photon Energy","E=hf=hc/λ. Solves for photon energy, frequency, or wavelength.","E = hf = hc/λ","Essential Conversions","Calculator","[{""id"":""E"",""label"":""Energy"",""unit"":""eV""},{""id"":""f"",""label"":""Frequency"",""unit"":""Hz""},{""id"":""lambda"",""label"":""Wavelength"",""unit"":""nm""}]",3
"mass-defect","Mass Defect & Binding Energy","Δm=Zmp+Nmn−M. Computes mass defect and nuclear binding energy.","Δm = Zmp + Nmn − M","Essential Conversions","Calculator","[{""id"":""Z"",""label"":""Protons (Z)"",""unit"":""""},{""id"":""N"",""label"":""Neutrons (N)"",""unit"":""""},{""id"":""M"",""label"":""Actual Mass (u)"",""unit"":""u""}]",3
"shannon-capacity","Shannon-Hartley Capacity","Maximum data rate of a noisy channel given bandwidth and signal-to-noise ratio.","C = B × log₂(1 + S/N)","Computer Science & Information Theory","","[{""id"":""C"",""label"":""Channel Capacity (C)"",""unit"":""bps""},{""id"":""B"",""label"":""Bandwidth (B)"",""unit"":""Hz""},{""id"":""S"",""label"":""Signal Power (S)"",""unit"":""W""},{""id"":""N"",""label"":""Noise Power (N)"",""unit"":""W""}]",4
"amdahls-law","Amdahl's Law (Speedup)","Maximum theoretical speedup of a program using parallel processors, limited by serial fraction.","S = 1 / ((1-p) + p/N)","Computer Science & Information Theory","","[{""id"":""S"",""label"":""Speedup (S)"",""unit"":""""},{""id"":""p"",""label"":""Parallel Proportion (p)"",""unit"":""""},{""id"":""N"",""label"":""Number of Processors (N)"",""unit"":""""}]",3
"gustafson","Gustafson's Law","Scaled speedup for parallel computing that accounts for scaling the problem size with processors.","S = s + p × N","Computer Science & Information Theory","","[{""id"":""S"",""label"":""Scaled Speedup (S)"",""unit"":""""},{""id"":""s"",""label"":""Serial Proportion (s)"",""unit"":""""},{""id"":""N"",""label"":""Processors (N)"",""unit"":""""}]",3
"littles-law","Little's Law","Fundamental queueing theorem relating average items in a system to arrival rate and wait time.","L = λ × W","Computer Science & Information Theory","","[{""id"":""L"",""label"":""Items in System (L)"",""unit"":""""},{""id"":""lambda"",""label"":""Arrival Rate (λ)"",""unit"":""1/s""},{""id"":""W"",""label"":""Wait Time (W)"",""unit"":""s""}]",3
"network-transfer","Network Transfer Time","Calculate file transfer time based on file size and available bandwidth.","T = S / B","Computer Science & Information Theory","","[{""id"":""T"",""label"":""Time (T)"",""unit"":""s""},{""id"":""S"",""label"":""Size (S)"",""unit"":""MB""},{""id"":""B"",""label"":""Bandwidth (B)"",""unit"":""MB/s""}]",3
"pv-annuity","Present Value of Annuity","Present value of a series of equal periodic payments discounted at a fixed rate.","PV = P × (1 - (1+r)^-n) / r","Advanced Finance & Economics","","[{""id"":""PV"",""label"":""Present Value (PV)"",""unit"":""$""},{""id"":""P"",""label"":""Payment per Period (P)"",""unit"":""$""},{""id"":""r"",""label"":""Rate per Period (r)"",""unit"":""%""},{""id"":""n"",""label"":""Number of Periods (n)"",""unit"":""""}]",4
"fv-annuity","Future Value of Annuity","Future value of a series of equal periodic payments compounded at a fixed rate.","FV = P × ((1+r)^n - 1) / r","Advanced Finance & Economics","","[{""id"":""FV"",""label"":""Future Value (FV)"",""unit"":""$""},{""id"":""P"",""label"":""Payment per Period (P)"",""unit"":""$""},{""id"":""r"",""label"":""Rate per Period (r)"",""unit"":""%""},{""id"":""n"",""label"":""Number of Periods (n)"",""unit"":""""}]",4
"mortgage-amort","Mortgage Amortization","Monthly payment on a fixed-rate mortgage loan with principal, interest, and term.","M = P × r(1+r)^n / ((1+r)^n - 1)","Advanced Finance & Economics","","[{""id"":""M"",""label"":""Monthly Payment (M)"",""unit"":""$""},{""id"":""P"",""label"":""Principal (P)"",""unit"":""$""},{""id"":""r"",""label"":""Annual Rate (r)"",""unit"":""%""},{""id"":""n"",""label"":""Total Months (n)"",""unit"":""""}]",4
"capm","Capital Asset Pricing Model","Expected return on an asset based on its systematic risk relative to the market.","E(R) = Rf + β(E(Rm) - Rf)","Advanced Finance & Economics","","[{""id"":""ER"",""label"":""Expected Return"",""unit"":""%""},{""id"":""Rf"",""label"":""Risk-Free Rate"",""unit"":""%""},{""id"":""Beta"",""label"":""Beta (β)"",""unit"":""""},{""id"":""ERm"",""label"":""Market Return"",""unit"":""%""}]",4
"elasticity","Price Elasticity of Demand","Midpoint formula for price elasticity of demand measuring quantity sensitivity to price changes.","E = (%ΔQ) / (%ΔP)","Advanced Finance & Economics","","[{""id"":""E"",""label"":""Elasticity (E)"",""unit"":""""},{""id"":""Q1"",""label"":""Old Quantity"",""unit"":""""},{""id"":""Q2"",""label"":""New Quantity"",""unit"":""""},{""id"":""P1"",""label"":""Old Price"",""unit"":""$""},{""id"":""P2"",""label"":""New Price"",""unit"":""$""}]",5
"roi","Return on Investment (ROI)","Return on investment as a percentage of the original cost.","ROI = (Gain - Cost) / Cost × 100","Advanced Finance & Economics","","[{""id"":""ROI"",""label"":""ROI"",""unit"":""%""},{""id"":""G"",""label"":""Gain/Return"",""unit"":""$""},{""id"":""C"",""label"":""Cost"",""unit"":""$""}]",3
"wacc","Weighted Average Cost of Capital","Weighted average cost of capital combining equity and after-tax debt costs.","WACC = (E/V)Re + (D/V)Rd(1-Tc)","Advanced Finance & Economics","","[{""id"":""WACC"",""label"":""WACC"",""unit"":""%""},{""id"":""E"",""label"":""Market Value Equity"",""unit"":""$""},{""id"":""D"",""label"":""Market Value Debt"",""unit"":""$""},{""id"":""Re"",""label"":""Cost of Equity"",""unit"":""%""},{""id"":""Rd"",""label"":""Cost of Debt"",""unit"":""%""},{""id"":""Tc"",""label"":""Corp Tax Rate"",""unit"":""%""}]",6
"bep","Break-Even Point (Units)","Number of units needed to sell to cover fixed costs at a given price and variable cost.","Q = FC / (P - VC)","Advanced Finance & Economics","","[{""id"":""Q"",""label"":""Units to Break Even"",""unit"":""""},{""id"":""FC"",""label"":""Fixed Costs"",""unit"":""$""},{""id"":""P"",""label"":""Price per Unit"",""unit"":""$""},{""id"":""VC"",""label"":""Variable Cost per Unit"",""unit"":""$""}]",4
"mach","Mach Number","Ratio of an object's speed to the local speed of sound in the medium.","M = v / c","Aerospace & Advanced Fluid Dynamics","","[{""id"":""M"",""label"":""Mach Number (M)"",""unit"":""""},{""id"":""v"",""label"":""Velocity (v)"",""unit"":""m/s""},{""id"":""c"",""label"":""Speed of Sound (c)"",""unit"":""m/s""}]",3
"dyn-pressure","Dynamic Pressure","Kinetic energy per unit volume of a flowing fluid, used in aerodynamics.","q = ½ρv²","Aerospace & Advanced Fluid Dynamics","","[{""id"":""q"",""label"":""Dynamic Pressure (q)"",""unit"":""Pa""},{""id"":""rho"",""label"":""Density (ρ)"",""unit"":""kg/m³""},{""id"":""v"",""label"":""Velocity (v)"",""unit"":""m/s""}]",3
"lift-eq","Lift Equation","Aerodynamic lift force on a wing from air density, velocity, wing area, and lift coefficient.","L = ½ρv²SC_L","Aerospace & Advanced Fluid Dynamics","","[{""id"":""L"",""label"":""Lift Force (L)"",""unit"":""N""},{""id"":""rho"",""label"":""Density (ρ)"",""unit"":""kg/m³""},{""id"":""v"",""label"":""Velocity (v)"",""unit"":""m/s""},{""id"":""S"",""label"":""Wing Area (S)"",""unit"":""m²""},{""id"":""CL"",""label"":""Lift Coefficient (C_L)"",""unit"":""""}]",5
"froude","Froude Number","Dimensionless number comparing flow inertia to gravitational effects in fluid mechanics.","Fr = v / √(gL)","Aerospace & Advanced Fluid Dynamics","","[{""id"":""Fr"",""label"":""Froude Number (Fr)"",""unit"":""""},{""id"":""v"",""label"":""Velocity (v)"",""unit"":""m/s""},{""id"":""g"",""label"":""Gravity (g)"",""unit"":""m/s²""},{""id"":""L"",""label"":""Characteristic Length (L)"",""unit"":""m""}]",4
"capillary-rise","Capillary Rise","Height liquid rises in a narrow tube due to surface tension and contact angle.","h = 2γcosθ / (ρgr)","Aerospace & Advanced Fluid Dynamics","","[{""id"":""h"",""label"":""Height (h)"",""unit"":""m""},{""id"":""gamma"",""label"":""Surface Tension (γ)"",""unit"":""N/m""},{""id"":""theta"",""label"":""Contact Angle (θ)"",""unit"":""°""},{""id"":""rho"",""label"":""Density (ρ)"",""unit"":""kg/m³""},{""id"":""r"",""label"":""Radius (r)"",""unit"":""m""}]",5
"specific-impulse","Specific Impulse","Efficiency of a rocket engine measured as thrust per unit weight flow of propellant.","Isp = ve / g₀","Aerospace & Advanced Fluid Dynamics","","[{""id"":""Isp"",""label"":""Specific Impulse (Isp)"",""unit"":""s""},{""id"":""ve"",""label"":""Exhaust Velocity (ve)"",""unit"":""m/s""},{""id"":""g"",""label"":""Gravity (g₀)"",""unit"":""m/s²""}]",3
"stress","Stress (Normal)","Normal stress is the internal force per unit area on a cross-section of a material.","σ = F / A","Civil & Structural Engineering","","[{""id"":""sigma"",""label"":""Stress (σ)"",""unit"":""Pa""},{""id"":""F"",""label"":""Force (F)"",""unit"":""N""},{""id"":""A"",""label"":""Area (A)"",""unit"":""m²""}]",3
"strain","Strain","Deformation of a material expressed as change in length divided by original length.","ε = ΔL / L₀","Civil & Structural Engineering","","[{""id"":""epsilon"",""label"":""Strain (ε)"",""unit"":""""},{""id"":""dL"",""label"":""Change in Length (ΔL)"",""unit"":""m""},{""id"":""L0"",""label"":""Original Length (L₀)"",""unit"":""m""}]",3
"euler-buckling","Euler's Buckling Load","Critical axial load at which a slender column buckles under compression.","Pcr = π²EI / (KL)²","Civil & Structural Engineering","","[{""id"":""Pcr"",""label"":""Critical Load (Pcr)"",""unit"":""N""},{""id"":""E"",""label"":""Young's Modulus (E)"",""unit"":""Pa""},{""id"":""I"",""label"":""Area Moment (I)"",""unit"":""m⁴""},{""id"":""K"",""label"":""Column Eff Length Factor (K)"",""unit"":""""},{""id"":""L"",""label"":""Column Length (L)"",""unit"":""m""}]",5
"soil-porosity","Soil Porosity","Fraction of total soil volume occupied by voids (air and water).","n = Vv / Vt","Civil & Structural Engineering","","[{""id"":""n"",""label"":""Porosity (n)"",""unit"":""""},{""id"":""Vv"",""label"":""Volume of Voids (Vv)"",""unit"":""m³""},{""id"":""Vt"",""label"":""Total Volume (Vt)"",""unit"":""m³""}]",3
"soil-void-ratio","Soil Void Ratio","Ratio of void volume to solid volume in a soil sample.","e = Vv / Vs","Civil & Structural Engineering","","[{""id"":""e"",""label"":""Void Ratio (e)"",""unit"":""""},{""id"":""Vv"",""label"":""Volume of Voids (Vv)"",""unit"":""m³""},{""id"":""Vs"",""label"":""Volume of Solids (Vs)"",""unit"":""m³""}]",3
"rayleigh","Rayleigh Criterion (Angular)","Minimum angular separation at which a telescope can distinguish two point sources.","θ = 1.22λ / D","Advanced Optics & Astrophysics","","[{""id"":""theta"",""label"":""Resolution Angle (θ)"",""unit"":""rad""},{""id"":""lambda"",""label"":""Wavelength (λ)"",""unit"":""nm""},{""id"":""D"",""label"":""Aperture (D)"",""unit"":""m""}]",3
"telescope-mag","Telescope Magnification","Angular magnification of a refracting telescope from objective and eyepiece focal lengths.","M = fo / fe","Advanced Optics & Astrophysics","","[{""id"":""M"",""label"":""Magnification (M)"",""unit"":""""},{""id"":""fo"",""label"":""Objective Focal Length (fo)"",""unit"":""m""},{""id"":""fe"",""label"":""Eyepiece Focal Length (fe)"",""unit"":""m""}]",3
"distance-modulus","Distance Modulus","Relationship between apparent magnitude, absolute magnitude, and distance in parsecs.","m - M = 5 log₁₀(d) - 5","Advanced Optics & Astrophysics","","[{""id"":""mu"",""label"":""Modulus (m - M)"",""unit"":""""},{""id"":""d"",""label"":""Distance (d)"",""unit"":""pc""}]",2
"wiens-law","Wien's Displacement Law","Peak wavelength of blackbody radiation is inversely proportional to temperature.","λmax = b / T","Advanced Optics & Astrophysics","","[{""id"":""lambda"",""label"":""Peak Wavelength (λ)"",""unit"":""nm""},{""id"":""T"",""label"":""Temperature (T)"",""unit"":""K""}]",2
"lens-maker","Lens Maker's Equation","Focal length of a thin lens from its refractive index and radii of curvature.","1/f = (n-1)(1/R₁ - 1/R₂)","Advanced Optics & Astrophysics","","[{""id"":""f"",""label"":""Focal Length (f)"",""unit"":""m""},{""id"":""n"",""label"":""Refractive Index (n)"",""unit"":""""},{""id"":""R1"",""label"":""Radius 1 (R₁)"",""unit"":""m""},{""id"":""R2"",""label"":""Radius 2 (R₂)"",""unit"":""m""}]",4
"larmor","Larmor Formula","Power radiated by an accelerating charged particle in classical electrodynamics.","P = 2kq²a² / (3c³)","Advanced Optics & Astrophysics","","[{""id"":""P"",""label"":""Radiated Power (P)"",""unit"":""W""},{""id"":""q"",""label"":""Charge (q)"",""unit"":""C""},{""id"":""a"",""label"":""Acceleration (a)"",""unit"":""m/s²""}]",3